Naam fonds,Categorie,Regio / provincie,Statutaire doelstelling (samenvatting),Doelgroep,Relevant voor welk type landgoedplan,Orde grootte bedrag,Aanvraagprocedure / deadlines,Vereiste documenten voor aanvraag,Contact,Bron (URL),Status / opmerking
M.A.O.C. Gravin van Bylandt Stichting,Landelijk vermogensfonds,Landelijk,"Financiële steun aan organisaties op cultureel en/of maatschappelijk gebied in Nederland, verdeeld over 5 categorieën: publicatie & educatie, dier/natuur & milieu, kunst & cultuur, mens & welzijn, restauraties & onderhoud.",Organisaties/stichtingen (geen particulieren),Restauratie & onderhoud van landgoedgebouwen; natuur/milieu-projecten,"Meestal bescheiden, aanvullend karakter (geen vast bedrag gepubliceerd)",Online aanvraag via bylandtstichting.nl/aanvraag-indienen,"Aanvraagbrief, projectplan, begroting, financieringsplan/dekkingsplan, KVK-uittreksel; bij restauratieprojecten: 'Calculatieformulier Restauraties'. Optioneel: jaarverslag/jaarrekening. Alleen via eigen online portaal (aanvragen.bylandtstichting.nl).","info@bylandtstichting.nl, 070-3246936 (di-do)",https://www.bylandtstichting.nl/over-de-stichting/,Aanvraagbaar. Bezit sinds 2026 zelf Landgoed Oostduin-Arendsdorp.
Nationaal Restauratiefonds - Restauratiefonds-hypotheek,Landelijk vermogensfonds (revolverend),Landelijk,"Laagrentende leningen voor onderhoud/restauratie van rijksmonumenten ('verstand van financieren, hart voor monumenten').",Particuliere eigenaren van rijksmonumenten,"Restauratie, verduurzaming, verbouwing, herbestemming van monumentale landgoedopstallen","€10.000 - €300.000 per monument, rente 2026 vanaf 1,4% (10 jr vast)","Account aanmaken, offerte, documenten, krediettoets, hypotheekakte; werk mag nog niet gestart zijn","Kostenraming/begroting door erkend inspecteur, geldige omgevingsvergunning (of verklaring dat niet nodig), identiteitsbewijs, inkomens-/werkgeversverklaring, bewijs opstalverzekering, 'Verklaring Instandhouding Rijksmonument'. Werk mag nog niet gestart zijn vóór toekenning.","088 253 90 00, financieringen@restauratiefonds.nl",https://www.restauratiefonds.nl/particulier/financieren/alle-financieringen/restauratiefonds-hypotheek,"Aanvraagbaar. Leningen, geen giften."
Fonds 1818,Landelijk/regionaal vermogensfonds,"19 gemeenten Zuid-Holland (Den Haag, Leiden, Wassenaar, Voorschoten e.o.)","Geld en ondersteuning aan organisaties/bewoners die zich inzetten voor een mooiere maatschappij, aandacht voor kwetsbare groepen.",Organisaties én individuele bewoners in het werkgebied,Sociaal-maatschappelijke en publieksprojecten op landgoed; natuur/groen,Niet gepubliceerd,Online quickscan; bewonersinitiatieven: vaste indiendata 1 aug / 1 nov / 1 feb / 1 mei,"Projectplan (aanleiding, doel, resultaten, doelgroep(en), samenwerkingspartners, sterke/zwakke punten, looptijd, verwacht bereik) + begroting in het onlineformulier. Project mag niet eerder starten dan 6 weken na indiening. Alleen via eigen onlineformulier of FindNFund, geen post/e-mail.","info@fonds1818.nl, 070 364 11 41",https://www.fonds1818.nl/over-fonds-1818/regiokaart,"Aanvraagbaar, alleen binnen werkgebied (relevant voor buitenplaatsen rond Wassenaar/Voorschoten)."
Nationaal Groenfonds,Landelijk vermogensfonds (revolverend),Landelijk,Verbeteren van de kwaliteit van de groene leefomgeving in Nederland via financiering (leningen).,Organisaties en ondernemingen (geen particulieren),Grootschalige natuurontwikkeling/biodiversiteit op landgoed,Minimale lening €200.000 (uitzonderingen bij specifieke deelfondsen),"Contact opnemen met investment manager, businessplan/begroting indienen",Niet onderzocht op documentvereisten — raadpleeg bronlink of neem contact op.,"088 253 9255, info@nationaalgroenfonds.nl",https://www.nationaalgroenfonds.nl/financieringen-soorten-financieringen/,"Aanvraagbaar, alleen grootschalig; leningen geen giften."
VSBfonds,Landelijk vermogensfonds,Landelijk,Sociaal-maatschappelijke en culturele initiatieven ondersteunen; ook studiebeurzen.,Stichtingen/verenigingen met sociaal-maatschappelijk of cultureel doel,"Publieksprojecten, toegankelijkheid en cultuur op een landgoed",Niet gepubliceerd (quickscan bepaalt haalbaarheid),Quickscan → digitaal platform → volledige aanvraag → beoordeling,"Altijd: KVK-uittreksel, recent rekeningafschrift, projectplan, begroting + dekkingsplan. Boven €10.000 aanvullend: statuten, jaarverslag, jaarrekening. Boven €50.000: bestedingsverklaring; boven €100.000: accountantsverklaring. Verplichte 'quickscan' vooraf.",https://vsbfonds.nl/donaties/contact-voor-aanvragers,https://vsbfonds.nl/over-vsbfonds/aanvragen/veelgestelde-vragen-over-beleid,Aanvraagbaar.
Van Bijleveltstichting,Landelijk vermogensfonds (familiefonds),Landelijk,Geldelijke en zedelijke steun aan personen die een bestaan zoeken in de beoefening van schone kunsten en wetenschappen.,Individuele kunstenaars/wetenschappers aan begin loopbaan,Beperkt relevant: alleen als artistiek programma op landgoed een individuele kunstenaar ten goede komt,Niet gepubliceerd,Korte oriënterende e-mail zonder bijlagen; bestuur neemt vaak zelf initiatief,Niet onderzocht op documentvereisten — raadpleeg bronlink of neem contact op.,"t.a.v. mr. A.J. (Joost) Quant, voorzitter",https://vanbijleveltstichting.nl/doelstelling/,Beperkte relevantie voor landgoederen (geen vastgoed/restauratie).
Janivo Stichting,Landelijk vermogensfonds,Landelijk,"Steun voor jongeren en kinderen (0-30 jaar) op gebied van maatschappij, kunst en wetenschappelijk-medisch onderzoek.",Organisaties met projecten voor kinderen/jongeren,"Alleen relevant bij publieks-/educatieprojecten gericht op jeugd (natuureducatie, jeugdactiviteiten)","Giften tot €6.000 (hoger mogelijk, langere doorlooptijd); 1 gift/organisatie/jaar","Online voortoets, 1-2 mnd doorlooptijd (≤€6.000), 3-4 mnd bij grotere bedragen",Niet onderzocht op documentvereisten — raadpleeg bronlink of neem contact op.,https://www.janivostichting.nl/contact,https://www.janivostichting.nl/aanvragen/,"Aanvraagbaar, smalle niche (jeugd)."
K.F. Hein Fonds,Regionaal vermogensfonds (familiefonds),Provincie Utrecht (nadruk stad Utrecht),De regio Utrecht mooier en sterker maken; eigen tak 'Monumenten' koopt/restaureert/verhuurt zelf monumenten (bezit 6 stuks).,"Stichtingen, verenigingen, kerkgenootschappen, individuen (studie/buurtinitiatieven)",Restauratie/aankoop/verhuur van monumenten en beeldbepalende panden in provincie Utrecht,Niet gespecificeerd; bevoorschotting tot 50% mogelijk,Digitaal aanvraagsysteem portaal.kfhein.nl; uitbetaling na projectafronding,"Projectplan (wat/waar/waarom/voor wie), begroting, financieringsplan, statuten, KVK-uittreksel (max. 12 mnd oud), recent financieel jaarverslag met balans. Uitsluitend via digitaal aanvraagsysteem (portaal.kfhein.nl) — e-mail/papier wordt niet in behandeling genomen. Max. 1 toekenning per kalenderjaar per organisatie.","hein@kfhein.nl, 030-232 21 14",https://kfhein.nl/wat-doen-wij/monumenten,Aanvraagbaar; financiert vaak ook eigen vastgoedportefeuille.
Elise Mathilde Fonds,Landelijk vermogensfonds,Landelijk,"Steunt instellingen met een algemeen sociaal, cultureel of ideëel doel; natuur als thema genoemd door derde bronnen.",Organisaties zonder winstoogmerk,"Sociaal-maatschappelijk, cultuur, mogelijk natuurprojecten",Niet bevestigd (website deels niet bereikbaar),Zie elisemathilde.nl/aanvragen/richtlijnen/,Niet onderzocht op documentvereisten — raadpleeg bronlink of neem contact op.,Zie elisemathilde.nl,https://elisemathilde.nl/aanvragen/richtlijnen/,Handmatig verifiëren — pagina was niet volledig op te halen.
Oranje Fonds,Landelijk vermogensfonds,Landelijk + Caribisch Koninkrijk,Projecten voor een sociaal verbonden samenleving.,Geregistreerde stichtingen/verenigingen; particulieren/bedrijven/overheden expliciet uitgesloten,"Sociale cohesie, vrijwilligersinzet, participatie-projecten op landgoed",Niet gespecificeerd,Doorlopend aan te vragen via mijn.oranjefonds.nl,"Statuten, KVK-uittreksel (max. 6 mnd oud), meest recente jaarrekening + jaarverslag, projectbegroting + dekkingsplan. Buurtinitiatieven zonder KVK: statuten/uittreksel niet nodig. Geen terugwerkende financiering (reeds gemaakte kosten tellen niet mee).",030-6564524,https://www.oranjefonds.nl/algemene-richtlijnen-en-voorwaarden,"Aanvraagbaar, alleen via ondersteunende stichting."
Stichting DOEN,Landelijk vermogensfonds,Landelijk,"Ondernemende, innovatieve oplossingen voor een betere wereld: regeneratieve economie (incl. landschapsherstel), solidaire samenleving, verbeeldingskracht van kunst.","Sociale ondernemers, kunstenaars, burgercollectieven, gemeenschapsinitiatieven",Landschapsherstel/regeneratieve landbouw op landgoed,Postcode Loterij Buurtfonds €500-€5.000; overige bedragen onbekend,"Account in 'Mijn DOEN'-portaal, online formulier","Eerst quickscan, dan volledige aanvraag via 'Mijn DOEN'-portaal. Exacte bijlagenlijst niet gepubliceerd — navragen bij het fonds.",Via doen.nl contactformulier,https://www.doen.nl/aanvraag-doen/,"Aanvraagbaar, minder gericht op monumentrestauratie."
Stichting Dioraphte,Landelijk vermogensfonds,Landelijk,"Financiële ondersteuning van behoud, herbestemming en ontsluiting van Nederlands materieel en immaterieel cultureel erfgoed.",Professioneel georganiseerde organisaties (bv. musea geregistreerd in Museumregister),"Restauratie monumenten (geen molens/orgels), archeologie, archieven, historische landschapsdocumentatie",Richt zich op 'middelgrote' projecten (bedrag niet gepubliceerd),Eerst vooraanvraag via dioraphte.nl/vooraanvraag/,"Vooraanvraag (geen bijlagen): korte projectomschrijving, doelgroep, indicatie bedrag, KVK-nummer, via aanvragen.dioraphte.nl. Bij uitnodiging volledige aanvraag: projectplan met organogram/cv's, gedetailleerde begroting, dekkingsplan, recente (gecontroleerde) jaarrekening, jaarverslag, KVK-uittreksel (<1 jaar), statuten, ANBI-bewijs, bankafschrift, ondertekende begeleidende brief. Alleen ANBI's; geen terugwerkende financiering; volledige aanvraag binnen 6 mnd na uitnodiging indienen.","Jaap Jan Steensma, jaapjan.steensma@dioraphte.nl",https://dioraphte.nl/cultureel-erfgoed/,Aanvraagbaar; in alle provincies genoemd als relevante aanvulling.
Stichting Dr. Hendrik Muller's Vaderlandsch Fonds,Landelijk vermogensfonds,Landelijk,Belangen van het Nederlandse volk dienen via studiebeurzen en steun aan cultuurhistorische/wetenschappelijke projecten.,Getalenteerde Nederlandse studenten (beurzen) en organisaties met cultuurhistorische projecten,"Restauratie rijksmonumenten (kerken, orgels, kunstvoorwerpen), wetenschappelijke publicaties over erfgoed",2025: totaal €656.835 aan 217 project-/publicatiebeurzen (individuele bedragen variëren),"Aparte criteria beurzen vs. subsidies, zie website; ca. 362 projectaanvragen/jaar","Officiële naam en rekeningnummer organisatie, meest actuele jaarrekening. Aanvraag minimaal 3 maanden vóór projectstart, alleen via aanvragenmullerfonds.nl. LET OP: bij categorie Monumenten lijken privégebruik, groot onderhoud, nieuwbouw en verduurzaming uitgesloten — vooraf navragen of een restauratieproject wel past.","info@mullerfonds.nl, 070 3831241",https://www.mullerfonds.nl/,Aanvraagbaar.
SBNL Natuurfonds,Regionaal/thematisch fonds,"Utrecht, Gelderland, Overijssel","Herstel, behoud en beheer van het Nederlandse cultuurlandschap.","Particuliere landeigenaren, natuurinitiatieven, wetenschappelijke onderzoekers","Aanleg groene landschapselementen, natuuronderzoek, weidevogelbescherming",€3.000 - €20.000 per project,"Aanvraagperiode 2026: vanaf 1 juli; deadline landschapselementen/weidevogels 1 sept, onderzoek 1 okt",Online aanvraagformulier op sbnlnatuurfonds.nl; exacte bijlagenchecklist niet gepubliceerd. Project moet aantoonbaar blijvend positief effect hebben op natuur/landschap. Navragen bij Maaike Brasz (maaike.brasz@sbnlnatuurfonds.nl) voor precieze bijlagen.,"sbnl@sbnlnatuurfonds.nl, 0318-578357",https://www.sbnlnatuurfonds.nl/nieuws-detailpagina/2026/07/01/van-idee-naar-impact-dien-nu-uw-aanvraag-in-voor-natuur-landschap-of-weidevogels,"Aanvraagbaar, zeer geschikt voor natuurontwikkeling op landgoed in deze 3 provincies."
Themafonds Kastelen en Historische Buitenplaatsen (Cultuurfonds + sKBL),Landelijk themafonds (Cultuurfonds),Landelijk,"Steun, kennis en innovatie bevorderen voor het behoud van kastelen en historische buitenplaatsen in Nederland.",Organisaties/stichtingen die kastelen en buitenplaatsen beheren,"Publieksprojecten (audiotours, wandelingen), klimaatadaptatie, vrijwilligerswerving, ambachtelijk vakmanschap","Startbudget €50.000; jaarlijks wervingsdoel €10.000, matching tot €20.000 door Cultuurfonds",Via aanvragen.cultuurfonds.nl,"Zelfde generieke Cultuurfonds-proces (zie Het Cultuurfonds hieronder): basis projectplan, begroting, KVK-uittreksel; volledige bijlagenlijst wordt dynamisch getoond in het onlineformulier via aanvragen.cultuurfonds.nl.",https://www.cultuurfonds.nl/contact,https://www.cultuurfonds.nl/fondsen/themafonds-kastelen-en-historische-buitenplaatsen,Aanvraagbaar. Zeer direct relevant voor landgoederen.
Arcadië Fonds (Cultuurfonds),Landelijk themafonds (Cultuurfonds),"Gelderland, Limburg, Utrecht, Overijssel","Herstelprojecten van kastelen en buitenplaatsen in de 4 genoemde provincies, incl. collecties, historische tuinen/parken, lanenstructuren.",Organisaties/stichtingen die kastelen/buitenplaatsen beheren in die provincies,"Restauratie gebouw/tuin/park/interieur, collectiebehoud",Niet gepubliceerd,Via aanvragen.cultuurfonds.nl,"Zie generieke Cultuurfonds-proces (via aanvragen.cultuurfonds.nl): projectplan, begroting, KVK-uittreksel; volledige lijst dynamisch in formulier.",https://www.cultuurfonds.nl/contact,https://www.cultuurfonds.nl/fondsen/arcadi%C3%AB-fonds,"Aanvraagbaar. LET OP: geldt NIET voor Noord-Holland, Zuid-Holland, Zeeland, Noord-Brabant."
Oldenaller Fonds (Cultuurfonds),Landelijk themafonds (Cultuurfonds),Landelijk,"Restauraties van historische buitenplaatsen, voorkeur voor tuin/park en historische interieurs.","Organisaties/stichtingen, historische buitenplaatsen","Restauratie buitenplaats, tuin/park, interieur, kunstwerken/collecties",Niet gepubliceerd,Via aanvragen.cultuurfonds.nl,"Zie generieke Cultuurfonds-proces (via aanvragen.cultuurfonds.nl): projectplan, begroting, KVK-uittreksel; volledige lijst dynamisch in formulier.",https://www.cultuurfonds.nl/contact,https://www.cultuurfonds.nl/fondsen/oldenaller-fonds,"Aanvraagbaar. Eerder gesteund: Kasteel Loenersloot, Huis Sevenaer, Kasteel de Haar."
Gertrudis Offenberg Fonds (Cultuurfonds),Landelijk themafonds (Cultuurfonds),Landelijk,"Behoud historische tuinen en parken, kennisoverdracht tussen groen-erfgoedvakmensen, investering in jong talent.","Organisaties met historische tuinen/parken, opleidingsinstellingen, erfgoedtuiniers","Opleiding/stages historisch tuinieren, kennisuitwisseling, materieel, vrijwilligerstraining",Niet gepubliceerd,Via aanvragen.cultuurfonds.nl,"Zie generieke Cultuurfonds-proces (via aanvragen.cultuurfonds.nl): projectplan, begroting, KVK-uittreksel; volledige lijst dynamisch in formulier.",https://www.cultuurfonds.nl/contact,https://www.cultuurfonds.nl/fondsen/gertrudis-offenberg-fonds,Aanvraagbaar. Zeer geschikt voor historische tuinen/parken op landgoed.
Osieck-Winkelman Fonds (Cultuurfonds),Landelijk themafonds (Cultuurfonds),Landelijk,Behoud van groene monumenten in Nederland.,Organisaties/stichtingen gericht op erfgoedbehoud en landschapsbeheer,"Historische tuinen/parken, buitenplaats-groen, historische landbouwpercelen/kassen",Niet gepubliceerd,Via aanvragen.cultuurfonds.nl,"Zie generieke Cultuurfonds-proces (via aanvragen.cultuurfonds.nl): projectplan, begroting, KVK-uittreksel; volledige lijst dynamisch in formulier.",https://www.cultuurfonds.nl/contact,https://www.cultuurfonds.nl/fonds/osieck-winkelman-fonds,Aanvraagbaar.
Staargaard-Van Oostrom Meyjes Fonds (Cultuurfonds),Landelijk themafonds (Cultuurfonds),Landelijk (buiten de Randstad),"Duurzame projecten buiten de Randstad op gebied van natuur, landschap, molens en erfgoed.",Culturele organisaties/instellingen buiten de Randstad,"Natuurbehoud, monumentenzorg, educatie",Niet gepubliceerd,Via aanvragen.cultuurfonds.nl,"Zie generieke Cultuurfonds-proces (via aanvragen.cultuurfonds.nl): projectplan, begroting, KVK-uittreksel; volledige lijst dynamisch in formulier.",https://www.cultuurfonds.nl/contact,https://www.cultuurfonds.nl/fondsen/staargaard-van-oostrom-meyjes-fonds,"Aanvraagbaar, relevant voor alle provincies buiten de Randstad."
Renée Pigeaud Fonds / Leestekens van het Landschap (Cultuurfonds),Landelijk themafonds (Cultuurfonds),Landelijk,Projecten rond historische landschapselementen en bewustwording daarvan.,"Organisaties werkzaam aan landschapsbehoud, natuureducatie, erfgoed","Natuureducatiecentra, restauratie landschapselementen, publicaties",Niet gepubliceerd,Via aanvragen.cultuurfonds.nl,"Zie generieke Cultuurfonds-proces (via aanvragen.cultuurfonds.nl): projectplan, begroting, KVK-uittreksel; volledige lijst dynamisch in formulier.",https://www.cultuurfonds.nl/contact,https://www.cultuurfonds.nl/fondsen/leestekens-van-het-landschap-fonds,Aanvraagbaar.
Gansoord Fonds,Landelijk vermogensfonds / fonds op naam,Landelijk,"Restauratie van cultuur- en natuurhistorisch erfgoed steunen, en jonge vakmensen betrekken bij restauraties/opleidingen.",Erfgoedorganisaties/stichtingen met restauratieprojecten die jonge vaklieden inzetten/opleiden,Restauratie monument/landschap gecombineerd met opleiding vaklieden,Niet gepubliceerd,Eerst oriënterende e-mail; bestuur vergadert 2-3x/jaar,"NAW-gegevens aanvrager, KVK-inschrijving, jaarverslag, ANBI-status (waar relevant), projectbeschrijving, foto's/beeldmateriaal, begroting + offertes, financieel dekkingsplan, overzicht overige financiers. Bij voorkeur eerst oriënterend e-mailcontact (info@gansoord.nl).",Via gansoord.nl,https://www.gansoord.nl/doelstelling/,Aanvraagbaar.
Boerderijenfonds,Landelijk themafonds,Landelijk,"Herbestemming, verduurzaming en restauratie van agrarisch erfgoed.",Eigenaren van historische boerderijen/agrarische opstallen,Relevant voor bijgebouwen/boerderijen op landgoederen,Niet gepubliceerd,Zie eigen website,Niet onderzocht op documentvereisten — raadpleeg bronlink of neem contact op.,Onbekend,https://kennisontwikkelinggroenerfgoed.nl/doen-in-historisch-groen/,"Nog te verifiëren; genoemd in meerdere provinciale bronnen (Utrecht, Flevoland)."
Stichting Kennisontwikkeling Groen Erfgoed - 'Doen in Historisch Groen',Landelijk themafonds,Landelijk,Ondersteuning van historische tuinen en parken via de regeling 'Doen in Historisch Groen'.,Beheerders van historische tuinen/parken,Onderhoud en ontwikkeling van historisch groen op landgoed,Niet gepubliceerd,Zie eigen website,Niet onderzocht op documentvereisten — raadpleeg bronlink of neem contact op.,Onbekend,https://kennisontwikkelinggroenerfgoed.nl/doen-in-historisch-groen/,Nog te verifiëren.
Cultuurfonds Gelderland,Provinciale Cultuurfonds-afdeling,Gelderland,Bevorderen van cultuur- en natuurprojecten van regionaal belang in Gelderland.,Stichtingen en verenigingen (geen individuen),"Cultuur- en natuurprojecten op landgoed, algemeen","Per vooraanvraag beoordeeld, geen vast bedrag","Vooraanvraag 5 jan / 1 apr / 1 jul / 1 okt (2026), besluit resp. 3 mnd later","Generiek Cultuurfonds-proces via aanvragen.cultuurfonds.nl: basis projectplan, begroting, KVK-uittreksel; volledige lijst dynamisch in formulier. Provinciale route: max. 25% van projectkosten, tot max. €10.000.","gelderland@cultuurfonds.nl, +31 26 359 8635",https://www.cultuurfonds.nl/provinciale-afdelingen/gelderland,"Aanvraagbaar. Onder deze afdeling vallen ook Oldenaller Fonds, Eleonora van Heusden Fonds, Oene Fonds, Dina Altena Fonds (zie aparte rijen)."
Eleonora van Heusden Fonds (Cultuurfonds Gelderland),Regionaal fonds op naam,"Gelderland (Wageningen, Arnhem, Nijmegen, Zutphen, Deventer)",Bijdragen aan klassieke muziek en restauratie van molens.,Organisaties in genoemde regio,Alleen relevant bij landgoederen met molens,Niet gepubliceerd,Via aanvragen.cultuurfonds.nl,"Zelfde generieke Cultuurfonds-proces, zie Cultuurfonds Gelderland.",gelderland@cultuurfonds.nl,https://www.cultuurfonds.nl/fondsen/eleonora-van-heusden-fonds,Beperkte relevantie (alleen molens).
Oene Fonds (Cultuurfonds Gelderland),Regionaal fonds op naam,"Noord-Oost Veluwe (Epe, Heerde, Vaassen, Emst)","Cultuur- en natuurprojecten, voorkeur voor kleine kernen.",Organisaties in de regio; project mag geen overheidssteun hebben,Kleinschalige cultuur/natuurprojecten op landgoed,Jaarlijks budget ca. €5.000,Via aanvragen.cultuurfonds.nl,"Zelfde generieke Cultuurfonds-proces, zie Cultuurfonds Gelderland.",gelderland@cultuurfonds.nl,https://www.cultuurfonds.nl/fondsen/oene-fonds,"Aanvraagbaar, klein budget."
Dina Altena Fonds (Cultuurfonds Gelderland),Regionaal fonds op naam,Gelderse Achterhoek en Veluwe,"Cultuurprojecten (theater, tentoonstellingen, publicaties), incl. erfgoed/monumentenzorg.",Organisaties in de regio,Publicaties/tentoonstellingen over landgoed-erfgoed,Niet gepubliceerd,Via aanvragen.cultuurfonds.nl,"Zelfde generieke Cultuurfonds-proces, zie Cultuurfonds Gelderland.",gelderland@cultuurfonds.nl,https://www.cultuurfonds.nl/fondsen/dina-altena-fonds,Aanvraagbaar.
Fonds op Naam - Geldersch Landschap & Kasteelen (GLK),Donatie-instrument (niet aanvraagbaar),Gelderland,Donateurs kunnen een fonds op naam instellen voor een specifiek deel van GLK's eigen werk (bv. één landgoed/kasteel).,"N.v.t. — dit financiert GLK's eigen 36 kastelen/landhuizen, geen open aanvraagloket",N.v.t. voor externe landgoedeigenaren,Maatwerk in overleg,Persoonlijk gesprek met de rentmeester,"N.v.t. — geen aanvraagformulier, is een donatie-instrument (schenker neemt zelf contact op met de rentmeester).","w.vanvliet@glk.nl, 026-355 25 43",https://www.glk.nl/fonds-op-naam,GEEN aanvraagbaar fonds voor derden — alleen relevant als donatie-instrument.
Cultuurfonds Overijssel,Provinciale Cultuurfonds-afdeling,Overijssel,Cultuur- en natuurprojecten van regionaal belang in Overijssel.,Stichtingen en verenigingen,"Cultuur- en natuurprojecten op landgoed, algemeen",Per vooraanvraag beoordeeld,Vooraanvraag 5 jan / 1 apr / 1 jul / 1 okt,"Generiek Cultuurfonds-proces via aanvragen.cultuurfonds.nl: basis projectplan, begroting, KVK-uittreksel; volledige lijst dynamisch in formulier. Provinciale route: max. 25% van projectkosten, tot max. €10.000.","overijssel@cultuurfonds.nl, +31 38 499 9339",https://www.cultuurfonds.nl/provinciale-afdelingen/overijssel,Aanvraagbaar. Zie ook Marke van Streukel/Berkum Fonds.
Marke van Streukel / Marke van Berkum Fonds (Cultuurfonds Overijssel),Regionaal fonds op naam,Overijssel,"Stimuleert natuurbehoud, (rechts)wetenschap en monumentenzorg binnen Overijssel.",Organisaties/initiatieven in Overijssel,"Monumentenrestauratie, natuurbehoud, historisch onderzoek/publicaties",Niet gepubliceerd,Via aanvragen.cultuurfonds.nl,"Zelfde generieke Cultuurfonds-proces, zie Cultuurfonds Overijssel.",overijssel@cultuurfonds.nl,https://www.cultuurfonds.nl/fondsen/marke-van-streukel-marke-van-berkum-fonds,Aanvraagbaar. Duidelijkste privéfonds specifiek voor Overijssel.
Cultuurfonds Utrecht,Provinciale Cultuurfonds-afdeling,Utrecht,Cultuur- en natuurprojecten van regionaal belang in Utrecht.,Stichtingen en verenigingen,"Cultuur- en natuurprojecten op landgoed, algemeen",Per vooraanvraag beoordeeld,Vooraanvraag 5 jan / 1 apr / 1 jul / 1 okt,"Generiek Cultuurfonds-proces via aanvragen.cultuurfonds.nl: basis projectplan, begroting, KVK-uittreksel; volledige lijst dynamisch in formulier. Provinciale route: max. 25% van projectkosten, tot max. €10.000.","utrecht@cultuurfonds.nl, +31 30 258 9094 (di-do 9:30-12:00)",https://www.cultuurfonds.nl/provinciale-afdelingen/utrecht,Aanvraagbaar. Zie ook Madzy van Nagell-Martini Buys Fonds.
Madzy van Nagell-Martini Buys Fonds (Cultuurfonds Utrecht),Regionaal fonds op naam,Loenersloot e.o. (Utrecht),"Cultuur- en natuurbehoud-projecten in Loenersloot en omgeving (oeverherstel, natuurontwikkeling, cultuur).",Organisaties in de regio Loenersloot,Zeer relevant voor landgoederen/kastelen rond Loenersloot,Niet gepubliceerd,Via aanvragen.cultuurfonds.nl,"Zelfde generieke Cultuurfonds-proces, zie Cultuurfonds Utrecht.",utrecht@cultuurfonds.nl,https://www.cultuurfonds.nl/fondsen/madzy-van-nagell-martini-buys-fonds,"Aanvraagbaar, sterk regionaal (Loenersloot)."
Fonds op Naam - Utrechts Landschap,Donatie-instrument (niet aanvraagbaar),Utrecht,Donateur bepaalt zelf bestedingsdoel binnen natuur- en erfgoedbescherming in Utrecht (bv. stinzenflora op landgoederen).,"N.v.t. — donatie-instrument, geen aanvraagbare pot voor derden",N.v.t. voor externe landgoedeigenaren,Minimumbedrag €50.000 (evt. 5 jaarlijkse termijnen),N.v.t.,"N.v.t. — geen aanvraagformulier, is een donatie-instrument.","info@utrechtslandschap.nl, 030-220 5555",https://www.utrechtslandschap.nl/help-mee/grote-giften/fonds-op-naam,GEEN aanvraagbaar fonds voor derden.
Cultuurfonds Drenthe,Provinciale Cultuurfonds-afdeling,Drenthe,Cultuur- en natuurprojecten van regionaal belang in Drenthe.,Stichtingen en verenigingen,"Cultuur- en natuurprojecten op landgoed, algemeen",Per vooraanvraag beoordeeld,Vooraanvraag 1 apr / 1 jul / 1 okt (2026),"Generiek Cultuurfonds-proces via aanvragen.cultuurfonds.nl: basis projectplan, begroting, KVK-uittreksel; volledige lijst dynamisch in formulier.","drenthe@cultuurfonds.nl, Jikke Wildeboer 0592-365 663",https://www.cultuurfonds.nl/provinciale-afdelingen/drenthe,"Aanvraagbaar. Zie ook Ger Jansen Fonds (natuurbehoud Drenthe, zelfde ingang)."
Fonds op Naam - Het Drentse Landschap / Natuurfonds Drenthe,Donatie-instrument (niet aanvraagbaar),Drenthe,"Donateur bepaalt bestedingsdoel (natuurgebied, soortbescherming, cultuurhistorisch erfgoed) in Drenthe.",N.v.t. — donatie-instrument,N.v.t. voor externe landgoedeigenaren,"Minimumbedrag €50.000 (fonds op naam); symbolisch €7,50/m² (natuurfonds)",N.v.t.,"N.v.t. — geen aanvraagformulier, is een donatie-instrument.","info@drentslandschap.nl, 0592-313552",https://www.drentslandschap.nl/steun-ons/fonds-op-naam,GEEN aanvraagbaar fonds voor derden.
Drents Monumentenfonds (via Nationaal Restauratiefonds),Publiek/hybride (buiten scope fondsen),Drenthe,"Provincie Drenthe stelt middelen beschikbaar, Restauratiefonds voert financiering uit.",Eigenaren rijks-/gemeentelijke monumenten in Drenthe,Restauratie monument op landgoed,"€10.000 - €450.000, rente 1,5%, looptijd tot 30 jaar",Via restauratiefonds.nl,"Zie procedure Restauratiefonds-hypotheek (kostenraming, vergunning, verzekering); provinciale voorwaarden kunnen afwijken — navragen bij restauratiefonds.nl.",Zie restauratiefonds.nl,https://restauratiefonds.nl/monumenteigenaren/financieringen/drents-monumentenfonds,"PUBLIEK-PRIVATE leningsregeling — geen zuiver privaat vermogensfonds, wel bruikbaar als financieringsbron."
Cultuurfonds Noord-Holland,Provinciale Cultuurfonds-afdeling,Noord-Holland,Cultuur- en natuurprojecten van regionaal belang in Noord-Holland.,Stichtingen en verenigingen (geen particulieren),"Cultuur- en natuurprojecten, beperkte nadruk op monumentenrestauratie",Per vooraanvraag beoordeeld,"Vooraanvraag 1 mrt / 1 jun / 1 sept / 1 dec, besluit ca. 4 mnd later","Generiek Cultuurfonds-proces via aanvragen.cultuurfonds.nl: basis projectplan, begroting, KVK-uittreksel; volledige lijst dynamisch in formulier.","noordholland@cultuurfonds.nl, 023-514 4667",https://www.cultuurfonds.nl/provinciale-afdelingen/noord-holland,"Aanvraagbaar, generieke doelgroep."
Noord-Hollands Fonds voor Monumenten (via Restauratiefonds),Publiek/hybride (buiten scope fondsen),Noord-Holland,"Provinciale leningsregeling voor monumentrestauratie, uitgevoerd door Nationaal Restauratiefonds.",Eigenaren rijks-/gemeentelijke monumenten in Noord-Holland,Restauratie monument op landgoed,Zie restauratiefonds.nl,Via restauratiefonds.nl,Zie procedure Restauratiefonds-hypotheek — navragen bij restauratiefonds.nl.,Zie restauratiefonds.nl,https://www.restauratiefonds.nl/particulier/financieren/alle-financieringen/noord-hollands-fonds-voor-monumenten,"PUBLIEK — geen privaat vermogensfonds, alleen ter info."
Cultuurfonds Zuid-Holland,Provinciale Cultuurfonds-afdeling,Zuid-Holland,Cultuur- en natuurprojecten van regionaal belang in Zuid-Holland.,Stichtingen en verenigingen,"Cultuureducatie, natuureducatie, historische tentoonstellingen",Bv. muziekregeling max €1.500/project; overig onbekend,Vooraanvraag 1 dec / 1 mrt / 1 jun / 1 sep,"Generiek Cultuurfonds-proces via aanvragen.cultuurfonds.nl: basis projectplan, begroting, KVK-uittreksel; volledige lijst dynamisch in formulier.",zuidholland@cultuurfonds.nl; Linde Gispen 06-55449488,https://www.cultuurfonds.nl/provinciale-afdelingen/zuid-holland,"Aanvraagbaar, geen specifieke nadruk op landgoedrestauratie."
J.E. Jurriaanse Stichting,Regionaal vermogensfonds,Groot-Rijnmond (13 gemeenten rond Rotterdam),"Geschiedenis, letterkunde, archeologie, natuur, geografie, monumentenzorg, maatschappelijke ontwikkeling.",Sociale/culturele/museumprojecten binnen Groot-Rijnmond; boeken/onderzoek landelijk,"Monumentenzorg en natuurprojecten, alleen als landgoed in dit gebied ligt",Max. 50% van projectkosten,"Uitsluitend digitaal, min. 3 maanden vóór projectstart",Niet onderzocht op documentvereisten — raadpleeg bronlink of neem contact op.,Via volkskracht.nl,https://www.volkskracht.nl/de-volkskracht-stichtingen/aangesloten-stichtingen/j-e-jurriaanse-stichting/,"Aanvraagbaar, alleen binnen Groot-Rijnmond."
Cultuurfonds Zeeland,Provinciale Cultuurfonds-afdeling,Zeeland,Cultuur- en natuurprojecten van regionaal belang in Zeeland.,Stichtingen en verenigingen,"Historische publicaties/documentatie, cultuuruitingen",Niet gepubliceerd,"5 rondes/jaar: 14 sept 2025, 5 jan / 1 mei / 1 aug / 1 nov 2026","Generiek Cultuurfonds-proces via aanvragen.cultuurfonds.nl: basis projectplan, begroting, KVK-uittreksel; volledige lijst dynamisch in formulier.","zeeland@cultuurfonds.nl, Esther Prince 06-38363946",https://www.cultuurfonds.nl/provinciale-afdelingen/zeeland,"Aanvraagbaar, geen specifieke nadruk op buitenplaatsen."
Cultuurfonds Noord-Brabant,Provinciale Cultuurfonds-afdeling,Noord-Brabant,Cultuur- en natuurprojecten van regionaal belang in Noord-Brabant.,Uitsluitend stichtingen en verenigingen,"Buurtcultuur, natuur/waterprojecten, erfgoed (geen specifieke buitenplaats-nadruk)",Bv. 'Schoolpleinen van de Toekomst' max €10.000 (70% van kosten),"5 rondes/jaar: 3 okt 2025, 5 jan / 1 apr / 1 jul / 1 okt 2026","Generiek Cultuurfonds-proces via aanvragen.cultuurfonds.nl: basis projectplan, begroting, KVK-uittreksel; volledige lijst dynamisch in formulier.","noordbrabant@cultuurfonds.nl, 073-6812209",https://www.cultuurfonds.nl/provinciale-afdelingen/noord-brabant,Aanvraagbaar.
Brabants Erfgoedfonds (via Restauratiefonds),Publiek/hybride (buiten scope fondsen),Noord-Brabant,"Provincie Noord-Brabant financiert, Nationaal Restauratiefonds voert leningsregeling uit.",Eigenaren rijks-/gemeentelijke monumenten en cultuurhistorisch waardevolle gebieden,Restauratie monument op landgoed,"€10.000 - €1.000.000 per aanvraag (max €2.500.000/aanvrager), rente 1,9%",Via restauratiefonds.nl,Zie procedure Restauratiefonds-hypotheek — navragen bij restauratiefonds.nl.,"Remco Vos, 088-2539020, financieringen@restauratiefonds.nl",https://www.restauratiefonds.nl/zakelijk/financieren/alle-zakelijke-financieringen/brabants-erfgoedfonds,"PUBLIEK — geen privaat vermogensfonds, alleen ter info."
Cultuurfonds Limburg,Provinciale Cultuurfonds-afdeling,Limburg,Ondersteuning van cultuur- en natuurprojecten in Limburg.,Stichtingen en verenigingen,"Cultuur- en natuurprojecten op landgoed, algemeen",Niet gepubliceerd,Zie provinciale afdelingspagina,"Generiek Cultuurfonds-proces via aanvragen.cultuurfonds.nl: basis projectplan, begroting, KVK-uittreksel; volledige lijst dynamisch in formulier.",Zie cultuurfonds.nl,https://www.cultuurfonds.nl/provinciale-afdelingen/limburg,"Aanvraagbaar; regionale afdeling van landelijk fonds, geen zelfstandig Limburgs fonds."
Beusmans-Jeurissen Fonds (bij Stichting Limburgs Landschap),Regionaal fonds op naam,Limburg (regio Sittard),Veiligstellen van waardevolle landschappen en natuurgebieden in Limburg.,"In de praktijk alleen t.b.v. 3 vaste projecten van Limburgs Landschap (Ruïne Stein, Spaubekerbos, Marissen)",Landschaps-/terreinaankoop en -herstel,€3.900 - €62.700 per toekenning,Geen publiek aanvraagformulier — loopt via Limburgs Landschap zelf,Niet onderzocht op documentvereisten — raadpleeg bronlink of neem contact op.,Via beusmans-jeurissenfonds.nl,https://beusmans-jeurissenfonds.nl/project/stichting-limburgs-landschap/,Geen open aanvraagloket voor externe landgoedeigenaren.
Elisabeth Strouven Fonds,Regionaal vermogensfonds,"Zuid-Limburg (Maastricht, Meerssen, Valkenburg a/d Geul, Eijsden-Margraten, Gulpen-Wittem, Vaals)","Bijdragen aan een leefbare samenleving; programmalijn 'Natuur': behoud, beheer en ontwikkeling van natuur en biodiversiteit.",Niet expliciet uitgesloten voor particuliere landgoedeigenaren in werkgebied,"Natuurontwikkeling, natuurinclusieve landbouw, biodiversiteit, natuureducatie",Niet gepubliceerd,Via 'Aanvragen'-pagina op website,"Online formulier (5 pagina's): organisatiegegevens, IBAN/BIC + recent bankafschrift, KVK-nummer, statutaire doelstelling, projectgegevens (doel/doelgroep/begroting/eigen middelen), losse bijlage met motivatie/begroting/businessplan. Vanaf €5.001: definitieve begroting/dekkingsplan + cofinanciering vereist (bijdrage fonds max. 25% van de kosten); vanaf €25.000: accountantsverklaring bij verantwoording.","(043) 763 08 99, info@elisabethstrouven.nl",https://www.elisabethstrouvenfonds.nl/natuur/,"Aanvraagbaar, sterk regionaal beperkt (6 zuidelijkste gemeenten)."
Cultuurfonds Fryslân,Provinciale Cultuurfonds-afdeling,Friesland,Cultuur- en natuurprojecten van regionaal belang in Friesland.,Stichtingen en verenigingen,"Cultuur- en natuurprojecten op landgoed, algemeen",Niet gepubliceerd,Zie provinciale afdelingspagina,"Generiek Cultuurfonds-proces via aanvragen.cultuurfonds.nl: basis projectplan, begroting, KVK-uittreksel; volledige lijst dynamisch in formulier.",Zie cultuurfonds.nl,https://www.cultuurfonds.nl/provinciale-afdelingen/friesland,Aanvraagbaar. Zie ook Van Enter-Westerman Holstijn Fonds.
Van Heloma Stichting,Regionaal vermogensfonds (familiefonds),Friesland (nadruk Heerenveen e.o.),"Eer aan naam/nalatenschap van de Friese familie Van Heloma; behoud cultureel erfgoed, natuur en karakteristiek landschap.",Non-profitorganisaties in Fryslân (buiten Heerenveen strenger beoordeeld),"Cultuurhistorisch erfgoed, natuur- en landschapsbehoud op landgoed",Niet gepubliceerd,"Aanvraag per e-mail, reactie binnen 2-4 mnd, geen vaste deadline","Projectplan, begroting, dekkingsplan. Onlineformulier was t.t.v. onderzoek offline — per e-mail (info@vanhelomastichting.nl) met organisatienaam, contactpersoon, adres, telefoon, website, gevraagd bedrag, eerdere aanvraaghistorie, toelichting.",info@vanhelomastichting.nl,https://vanhelomastichting.nl/aanvragen/,"Aanvraagbaar. Uitgesloten: verenigingsgebouwen, dorpshuisrenovatie, hedendaagse muziek/theater."
Stichting Bouwcultuurfonds Friesland,Regionaal vermogensfonds,Friesland,"Behoud van bouwkundig monumentale gebouwen in Fryslân, bevorderen bouwcultuur/ambacht.",Eigenaren van (rijks)monumenten met cultuurhistorische en/of landschappelijke waarde,Restauratie/renovatie monumentale gebouwen op landgoed (geen nieuwbouw),"Aanvullende bijdrage (dekt niet heel project), hoogte niet gepubliceerd","Adviescommissie 3x/jaar, bestuur 2x/jaar; aanvraag uiterlijk 3 weken voor vergadering","Onlineformulier met 'Uw aanvraag' + 'Gegevens rijksmonument': kostenraming/begroting, financieringsplan. Geen expliciete KVK-/jaarrekening-/statutenlijst gepubliceerd — vermoedelijk via het formulier zelf gevraagd.",Via aanvraagformulier op website,https://www.bouwcultuurfondsfriesland.nl/aanvragen,"Aanvraagbaar, direct relevant voor landgoedopstallen."
Meindersma-Sybenga Stichting,Regionaal vermogensfonds,"Friesland (prioriteit), dan Noordoost-Nederland, dan overig NL",Restauratie/verduurzaming monumentale kerken en orgels; monumentbehoud; behoud natuurwaarden en cultuurlandschap; cultuur/maatschappelijke initiatieven t.b.v. Friesland.,Uitsluitend ANBI-instellingen; particulieren/semi-commerciële partijen uitgesloten; medefinanciering vereist,Monumentbehoud en cultuurlandschap op landgoed,Niet gepubliceerd,Schriftelijk verzoek aan secretaris met begroting/financieringsplan,"Beschrijving aanvrager, inhoudelijke projectbeschrijving, motivatie, begroting + dekkingsplan, inzicht in financiële positie aanvrager. Schriftelijk per post aan de secretaris (T. Okkema) — geen onlineportaal of e-mail.","T. Okkema (secretaris), taekeokkema@hotmail.com, 06-44296631",https://stichting.moment.online/meindersma-sybenga-stichting,"Aanvraagbaar, alleen ANBI-stichtingen."
P.W. Janssen's Friesche Stichting,Regionaal vermogensfonds,Friesland en Amsterdam,Particulier vermogensfonds ter ondersteuning van maatschappelijke initiatieven binnen Friesland en Amsterdam.,"Breed maatschappelijk, niet specifiek op landgoederen gericht","Beperkt relevant, algemeen maatschappelijk",Niet gepubliceerd,Zie eigen website,Niet onderzocht op documentvereisten — raadpleeg bronlink of neem contact op.,fryslan@pwjanssen.nl,https://pwjanssen.nl/stichting/,Beperkte relevantie voor landgoederen specifiek.
Hedwig Carolina Stichting,Regionaal donatie-instrument,Friesland / Overijssel (via It Fryske Gea),Steunt het natuurbeschermingswerk van It Fryske Gea en Landschap Overijssel.,"Loopt via It Fryske Gea zelf, geen los aanvraagloket voor derden","Natuurbescherming, restauratie cultuurhistorisch park (bv. Slottún Rijs)",Niet gepubliceerd,N.v.t. (loopt via It Fryske Gea),Niet onderzocht op documentvereisten — raadpleeg bronlink of neem contact op.,Via itfryskegea.nl,https://www.itfryskegea.nl/organisatie/steun-ons/fondsen-en-stichtingen/,Geen direct aanvraagloket voor externe landgoedeigenaren.
Cultuurfonds Groningen,Provinciale Cultuurfonds-afdeling,Groningen,Cultuur- en natuurprojecten van regionaal belang in Groningen.,Stichtingen en verenigingen,"Cultuur- en natuurprojecten op landgoed/borg, algemeen",Niet gepubliceerd,Zie provinciale afdelingspagina,"Generiek Cultuurfonds-proces via aanvragen.cultuurfonds.nl: basis projectplan, begroting, KVK-uittreksel; volledige lijst dynamisch in formulier.",Zie cultuurfonds.nl,https://www.cultuurfonds.nl/provinciale-afdelingen/groningen,"Aanvraagbaar (afgeleid van landelijke structuur, niet apart bevestigd in onderzoek)."
Monumentenfonds - Vereniging Stad en Lande,Regionaal vermogensfonds,Groningen,"Financiering van kleine, specifieke monumentrestauraties in de provincie Groningen (o.a. borgen/landgoedgerelateerd erfgoed).",Vermoedelijk particuliere eigenaren van kleinere monumenten in Groningen (niet volledig te bevestigen),Kleinschalige monumentrestauratie op landgoed/borg,Niet vastgesteld,Niet vastgesteld — rechtstreeks contact aanbevolen,Niet onderzocht op documentvereisten — raadpleeg bronlink of neem contact op.,Via verenigingstadenlande.nl,https://www.verenigingstadenlande.nl/monumentenfonds/,Handmatig verifiëren — website blokkeerde geautomatiseerde toegang. Beste match voor Groningse landgoederen/borgen.
J.B. Scholtenfonds & H.S. Kammingafonds,Regionaal vermogensfonds,Groningen,Kammingafonds: geestelijke/stoffelijke verheffing van de bevolking van Groningen. Scholtenfonds: lenigen van sociale/culturele noden en stimuleren van sociale/culturele activiteiten in Groningen.,Brede bevolking/organisaties in provincie Groningen,"Cultuurhistorische/monumentprojecten kunnen in aanmerking komen, niet landgoed-specifiek",Niet gepubliceerd,Aanvraagformulier + bijlagen per mail; behandeltermijn max. 3 mnd,Niet onderzocht op documentvereisten — raadpleeg bronlink of neem contact op.,Scholtenkammingafonds@provinciegroningen.nl,http://jbs-hsk.nl/oprichting-doelstellingen,"Aanvraagbaar, secretariaat loopt via de provincie maar vermogen is particulier."
Stichting Geert Ruben Fonds,Regionaal fonds op naam,Slochteren e.o. / Zeven Zanddorpen en Zuidlaren (Groningen),Restauratie van cultuurhistorisch waardevolle gebouwen en landschapselementen in dat gebied.,Organisaties/eigenaren in het genoemde kleine werkgebied,Restauratie gebouw/landschapselement op landgoed,Niet gepubliceerd,Niet vastgesteld,Niet onderzocht op documentvereisten — raadpleeg bronlink of neem contact op.,Zie anbi.nl publicatie,https://anbi.nl/publicatieverplichting/stichting-geert-ruben-fonds/,Te kleinschalig/lokaal voor provinciebreed gebruik.
Han Lammers Fonds / Lelyprijs (Commissaris van de Koning Flevoland),Regionale prijs (geen restauratiefonds),Flevoland,Jaarlijkse prijzen voor talent resp. cultuur/natuur-verdienste in Flevoland.,Individuen/organisaties genomineerd voor de prijs,Niet bruikbaar als restauratie- of ontwikkelingsfonds,"€5.000 (prijs, geen aanvraagbaar fonds)","N.v.t. (prijs, geen aanvraag)",Niet onderzocht op documentvereisten — raadpleeg bronlink of neem contact op.,Zie flevoland.nl,https://www.flevoland.nl/wie-zijn-we/commissaris-van-de-koning/fondsen,GEEN aanvraagbaar fonds — jaarlijkse prijs.
Gieskes Strijbis Fonds,Landelijk vermogensfonds (familiefonds),Landelijk (Koninkrijk der Nederlanden),"'Positieve verandering in de samenleving' stimuleren via vernieuwende, impactvolle projecten; werkvelden Natuur & Milieu, Kunst & Cultuur, Democratie & Rechtsstaat, Medisch Onderzoek.","Rechtspersonen (geen particulieren); werkt overwegend op uitnodiging, maar projectsuggesties zijn welkom","Natuurontwikkeling, biodiversiteit, natuurinclusieve landbouw/landschapstransitie (bv. financiert Wij.land)","Groot: gemiddeld ca. €275.000/project in 2025 (35 projecten, €9,6 mln); richtbedrag vanaf ca. €75.000/jaar, looptijd 2-5 jaar",Projectsuggestie via aanvragen.gieskes-strijbisfonds.nl; geen vaste deadlines,Projectsuggestie met korte omschrijving; bij honorering aanvullende documentatie op verzoek (niet in detail gepubliceerd),"kantoor@gieskes-strijbisfonds.nl, 06 270 626 83",https://www.gieskesstrijbisfonds.nl/over-het-fonds/,"Aanvraagbaar (via projectsuggestie), medefinanciering gewenst. Dit is het fonds waar de gebruiker zelf op wees (financiert Wij.land) — precies het type fonds dat trefwoord-zoeken op 'landgoed/erfgoed' mist."
Adessium Foundation,Landelijk vermogensfonds (familiefonds),Landelijk / internationaal,"Streven naar een vrije, duurzame en rechtvaardige samenleving; programma 'Nature and Living Environment' relevant voor natuurherstel.",GEEN open aanvraagprocedure — uitsluitend gevestigde non-profitorganisaties die zelf worden benaderd,"Natuurherstel/rewilding, transitie naar duurzame landbouw (indirect, via NGO's als ARK Rewilding NL, Commonland)","Jaarbudget 2025: €18,7 mln verdeeld over 95 organisaties, 83% meerjarig","N.v.t. — invitation only, geen open aanvraagloket",N.v.t.,"info@adessium.org, +31 182 646100",https://www.adessium.org/,NIET rechtstreeks aanvraagbaar voor individuele landgoedeigenaren — alleen relevant via samenwerking met een grote natuurorganisatie.
DOB Ecology,Landelijk vermogensfonds (familiefonds),Landelijk / internationaal,Bescherming en herstel van bedreigde ecosystemen (met name wetlands en bossen) samen met lokale partners.,"GEEN open aanvraagprocedure — expliciet 'we do not work with open calls', alleen geselecteerde partners","Ecosysteemherstel, wetlands/bosherstel, biodiversiteit",Niet gepubliceerd,"N.v.t. — gesloten netwerk, ongevraagde voorstellen niet in behandeling",N.v.t.,Gevestigd in Veessen,https://dobecology.nl/,NIET rechtstreeks aanvraagbaar — gesloten fonds.
Triodos Foundation,Landelijk vermogensfonds,Landelijk,"Donaties aan maatschappelijke initiatieven; themafonds 'Natuur & Biodiversiteit' beschermt grond, bodemleven/insecten en ecosysteembalans.","In Nederland gevestigde/actieve rechtspersonen met ervaren bestuur (min. 3 onafhankelijke leden), professioneel financieel beheer","Biodiversiteit, natuurontwikkeling — project moet regionale impact hebben (500-1.000+ mensen bereiken) en al minstens 1 andere financier hebben",Doorgaans €5.000-€20.000; projecten boven €300.000 maken minder kans,4 stappen: thema-check → quickscan → volledig formulier → beoordeling per e-mail; 4 kwartaaldeadlines (besluit juni/sept/dec/mrt),"Projectplan, begroting, statuten, jaarverslag (via volledig formulier na quickscan)",https://www.triodosfoundation.nl/contact,https://www.triodosfoundation.nl/themaschenken/natuur-en-biodiversiteit,"Aanvraagbaar, geen individuele landgoedeigenaren zonder rechtspersoon/bestuur van min. 3 personen."
ASN Foundation,Landelijk vermogensfonds,Landelijk,"Bijdragen aan een duurzamer en eerlijker Nederland via 3 thema's: Duurzaamheid (natuur, klimaat, leefomgeving), Goed Wonen, Financiële Zelfredzaamheid.",Uitsluitend organisaties met ANBI-status,"Natuurontwikkeling, biodiversiteit, klimaatadaptatie","Niet gepubliceerd, kwartaalbeoordeling door bestuur",Aanvraagformulier op asnbank.nl/over-asn-bank/asn-foundation.html,ANBI-status verplicht; verdere documentenlijst niet gepubliceerd,Via asnbank.nl,https://www.asnbank.nl/over-asn-bank/asn-foundation.html,"Aanvraagbaar, alleen ANBI-stichtingen/verenigingen."
Rabo Foundation / lokaal Rabobank Coöperatiefonds,Landelijk + lokaal vermogensfonds,Landelijk (Rabo Foundation) / lokaal per Rabobank-vestiging,"Rabo Foundation: wereldwijd bijdragen aan zelfredzaamheid (NL: inclusieve arbeidsmarkt, sociaal ondernemen). Coöperatiefondsen: lokale/regionale maatschappelijke projecten incl. voedseltransitie.",Lokale verenigingen/stichtingen met Rabobank-rekening en KVK-inschrijving; project publiek toegankelijk,"Natuurinclusieve landbouw, lokale biodiversiteit/leefomgeving (vooral via lokale coöperatiefondsen, niet Rabo Foundation zelf)","Rabo Foundation: €66 mln/500+ projecten wereldwijd in 2025; coöperatiefonds: bedrag per lokale bank verschillend, nooit 100% financiering","Coöperatiefonds: regionaal portaal per Rabobank-vestiging, kwartaaldeadlines (bv. Friesland 1 mrt/1 jun/1 sep/15 nov)",Niet gepubliceerd — verschilt per lokale bank,"Regio-afhankelijk, bv. communicatie.FRL@rabobank.nl voor Friesland",https://www.rabobank.nl/lokale-bank/cooperatiefonds,"Aanvraagbaar via lokale Rabobank; sterk gedecentraliseerd, 1x per 2 jaar aan te vragen."
Contribute Foundation,Landelijk vermogensfonds,Landelijk,Steun aan initiatieven die 'het hart raken' en na de bijdrage zelfstandig kunnen voortbestaan.,Uitsluitend Nederlandse stichtingen met ANBI-status,"Breed inzetbaar, geen specifiek natuurthema maar bruikbaar voor ANBI-stichting rond een landgoed","Klein: tot €5.000 eenmalig; groter vanaf €5.000, evt. meerjarig (max. 3 jaar)","Onlineformulier, indienen min. 4 maanden voor projectstart, doorlooptijd ca. 4 maanden","Stichtingsbeschrijving, lange-termijnvisie, doelen, uitvoeringsmethode, gedetailleerde begroting (incl. btw), recente jaarrekening",Via contribute.nl,https://www.contribute.nl/portal-contribute/aanvraag-doen,"Aanvraagbaar, alleen ANBI-stichtingen."
Veenweidefonds (bij Wij.land),Regionaal innovatiefonds,"Westelijk veenweidegebied (Noord-Holland, Utrecht, Zuid-Holland)","Innovatieve ideeën in het veenweidegebied helpen van tekentafel naar praktijk, gericht op een gezond, biodivers en veerkrachtig veenweidelandschap.",Ondernemers/boeren/innovatoren met KVK-inschrijving; natuurlijke personen kunnen niet zelfstandig aanvragen,"Veenweide/water, natuurinclusieve landbouw, biodiversiteit, klimaatadaptatie","Max. €25.000 per project, richtbedrag €10.000-€15.000",Spelregels lezen → aanvraagformulier → tijdlijn en begroting (sjabloon) → per e-mail indienen; besluit binnen 6 weken,"Aanvraagformulier, tijdlijn, begroting (sjabloon aangeleverd door fonds)","Pim Menkveld, p.menkveld@wij.land / veenweidefonds@wij.land, +31 6 28 52 70 04",https://wij.land/doe-mee-met-regeneratieve-landbouw/veenweidefonds/,"Aanvraagbaar, zeer relevant voor landgoederen in het westelijke veenweidegebied."
Dinamo Fonds,Landelijk vermogensfonds,Landelijk,"Herstel van biodiversiteit via een natuurinclusieve aanpak die dierenwelzijn, natuur, landschap en erfgoed verbindt.","Organisaties in dieren, natuur en monumentenbehoud","Natuurherstel/biodiversiteit met erfgoedcomponent (landgoedbossen/parken), ook restauratie sculpturen/vazen op landgoed (Mattemburgh)",Niet gepubliceerd,Aanvraagronde 2027 open via eigen website,Niet gepubliceerd — navragen,"info@dinamofonds.nl, 020-8209092",https://dinamofonds.nl/wat-we-doen,Aanvraagbaar.
COmON Foundation,Landelijk vermogensfonds,Internationaal (mogelijk ook NL-projecten),"'Greening the planet through landscape restoration' — wereldwijd grootschalig landschapsherstel, partner van Commonland.",Landschapsherstelprogramma's/partners zoals Commonland,Grootschalig landschapsherstel (4-returns-aanpak),Niet gevonden,Niet gevonden — waarschijnlijk invitation-only via partnerschappen,Niet gevonden,Zie comon.earth,https://commonland.com/partner/comon-foundation/,Onduidelijk of rechtstreeks aanvraagbaar — nader te verifiëren.
ForestPeace Foundation,Klein vermogensfonds (onderdeel Fred Foundation),Landelijk / internationaal,"Bevorderen van het voortbestaan van het ecologisch systeem: natuurherstel, ecologische landbouw, bosontwikkeling, natuureducatie, met sociale component.","GEEN open aanvraagprocedure — 'we decide which initiatives we are going to back, you cannot submit applications'","Rewilding, natuurinclusieve/regeneratieve landbouw (bv. steunt ARK Rewilding NL, Lenteland)",Niet gepubliceerd,N.v.t. — gesloten selectie,N.v.t.,"Postbus 240, 1200 AE Hilversum",https://fredfoundation.org/en/forestpeacefoundation/,NIET rechtstreeks aanvraagbaar.
Trees for All (incl. GroenDoen Fonds),Landelijke stichting/fonds,Landelijk,Bijdragen aan een bosrijke wereld door aanplant van nieuw bos en herstel van bestaand bos; CO2-compensatie via aanplant.,Grondeigenaren (incl. landgoederen) met grond met wettelijke natuurbestemming; GroenDoen Fonds: stichtingen/verenigingen met min. 10 betrokkenen,"Bosaanplant/landschapselementen op landgoed, klimaatadaptatie",GroenDoen Fonds: €500-€5.000 per project; hoofdprogramma niet gepubliceerd (maatwerk),"Hoofdprogramma: projectvoorstel indienen; GroenDoen Fonds: formulier + 'Groene Belofte' (handtekeningen 10 deelnemers) mailen, besluit binnen 6 weken, planten binnen 12 mnd","Kaarten, beplantingsplan, kostenraming, financieringsplan (hoofdprogramma); formulier + Groene Belofte (GroenDoen Fonds)",info@treesforall.nl / groendoenfonds@treesforall.nl,https://treesforall.nl/onze-uitgangspunten/,"Aanvraagbaar. Voorwaarden: openbare toegankelijkheid, inheemse soorten, additionaliteit."
Bomenfonds (Bomenstichting),Landelijk themafonds,Landelijk,"Eigenaren van monumentale bomen tegemoetkomen in onderhoudskosten, gevoed uit het Jo Bergacker Fonds op Naam bij het Cultuurfonds.","Particuliere eigenaren, kleine verenigingen, stichtingen, kerkgenootschappen met bomen in het Landelijk Register van Monumentale Bomen",Onderhoud monumentale bomen op landgoed,Indicatie regionaal Bomenfonds Deventer: ca. €1.500 per boom per 5 jaar,"Aanvraag via monumentalebomen.nl > 'Subsidie'; werk mag pas starten na toekenning, geen andere subsidie toegestaan","Foto's en offerte van ETW-gecertificeerd boomverzorgingsbedrijf, onderhouds-/instandhoudingsplan",Via bomenstichting.nl,https://www.bomenstichting.nl/monumentalebomen/bomenfonds.html,"Aanvraagbaar, specifiek voor monumentale bomen op landgoed."
Scheltema-Breet Natuurfonds (Cultuurfonds),Landelijk themafonds (Cultuurfonds),Landelijk,"Stimuleert natuurbehoud in Nederland: grondaankoop, natuurontwikkeling, onderzoek, educatie.",Natuurorganisaties/terreinbeherende organisaties,"Natuurontwikkeling, grondaankoop voor natuur",Niet gepubliceerd,Via aanvragen.cultuurfonds.nl,"Zelfde generieke Cultuurfonds-proces: projectplan, begroting, KVK-uittreksel",cultuurfonds.nl/contact,https://www.cultuurfonds.nl/fondsen/scheltema-breet-natuurfonds,Aanvraagbaar.
Jacob van Zijverden Fonds (Cultuurfonds),Landelijk themafonds (Cultuurfonds),Landelijk,"Natuurbehoud met nadruk op ecologische landbouw/veeteelt; >80 projecten gesteund, incl. grondaankopen.","Natuurorganisaties, agrarische natuurinitiatieven",Natuurinclusieve/ecologische landbouw en veeteelt op landgoed,Niet gepubliceerd,Via aanvragen.cultuurfonds.nl,"Zelfde generieke Cultuurfonds-proces: projectplan, begroting, KVK-uittreksel",cultuurfonds.nl/contact,https://www.cultuurfonds.nl/fondsen/jacob-van-zijverden-fonds,"Aanvraagbaar, direct relevant voor landgoederen met natuurinclusieve landbouw."
Hinderrust Fonds (Cultuurfonds),Landelijk/regionaal themafonds (Cultuurfonds),Tussen Amsterdam en Utrecht,"Draagt bij aan de zorg voor cultuur en cultuurlandschap, bij voorkeur in het gebied tussen Amsterdam en Utrecht.",Organisaties werkzaam aan cultuurlandschap in dat gebied,Cultuurlandschapsbehoud op landgoed tussen Amsterdam en Utrecht — exact het type fonds dat geen 'landgoed/erfgoed'-taal gebruikt,Niet gepubliceerd,Via aanvragen.cultuurfonds.nl,"Zelfde generieke Cultuurfonds-proces: projectplan, begroting, KVK-uittreksel",cultuurfonds.nl/contact,https://fondseninnederland.nl/fonds/hinderrust-fonds,"Aanvraagbaar. Gevonden via volledige FIN-registersweep, niet via 'landgoed'-zoekopdrachten — bevestigt waarom brede naam-triage nodig is."
Fonds Kleinschalige Projecten Natuureducatie (Cultuurfonds),Landelijk themafonds (Cultuurfonds),Landelijk,Financieel ondersteunen van educatieve projecten op het gebied van natuurbehoud.,Organisaties/instellingen die natuureducatie verzorgen,Natuureducatieprogramma op landgoedlocatie,Niet gepubliceerd,Via aanvragen.cultuurfonds.nl,"Zelfde generieke Cultuurfonds-proces: projectplan, begroting, KVK-uittreksel",cultuurfonds.nl/contact,https://www.cultuurfonds.nl/fondsen/fonds-kleinschalige-projecten-natuureducatie,Aanvraagbaar.
Fonds NME (Natuur- en Milieueducatie),Landelijk vermogensfonds,Landelijk,"Stimuleren van natuur- en milieueducatie in Nederland (groen/biodiversiteit, klimaatadaptatie, circulaire economie), bij voorkeur structurele projecten met vrijwilligersinzet.","Maatschappelijke organisaties, verenigingen, stichtingen én particulieren","Natuureducatieprogramma op landgoedlocatie (structureel, met vrijwilligers)",Jaarbudget ca. €100.000-120.000; max. 25% van projectkosten; project moet uit meerdere bronnen gefinancierd worden,"Aanvraag per e-mail naar fondsnme@vandijknijkamp.nl; ≤€2.500 kort formulier, anders uitgebreid projectplan",Kort formulier (kleine bedragen) of uitgebreid projectplan + begroting (grotere bedragen),fondsnme@vandijknijkamp.nl,https://fondsnme.nl/aanvragen/,"Aanvraagbaar, ook voor particulieren."
Carel Nengerman Fonds,Regionaal vermogensfonds,Utrecht (opgericht 1981 door AMEV),"Bevorderen van cultuur én natuur, kleinschalige projecten.",Organisaties in regio Utrecht,Kleinschalige natuur-/cultuurprojecten op landgoed,€500-€1.500 per project,"Vaste vergaderdata, voorwaarden op eigen site",Niet gepubliceerd in detail,"carelnengermanfonds@asr.nl, 06-23368599",https://carelnengermanfonds.nl/Het-fonds,"Aanvraagbaar, klein budget."
Omgevingsfonds Midden-Delfland,Regionaal fonds,Midden-Delfland,"Verbetering omgevingskwaliteit op 3 assen: milieu (bodem/water/lucht/geluid), natuur (flora/fauna/ecologie), cultuur/beleving.",Organisaties/initiatieven in Midden-Delfland,"Natuurontwikkeling, landschapskwaliteit op landgoed in dit gebied",Niet gevonden,Niet gevonden — eigen website raadplegen,Niet gevonden,Via skbl.nl/erfgoedfondsen,https://www.skbl.nl/erfgoedfondsen/,"Nog te verifiëren, sterk regionaal beperkt (Midden-Delfland)."
Stichting Volkskracht Natuurmonumenten,Regionale/lokale stichting,Rotterdam en omstreken,"Aankopen, beheren en restaureren van landelijke eigendommen zoals landgoederen, tuinen, polders en waters.",Beheert zelf objecten (o.a. Arboretum Trompenburg) — geen extern aanvraagloket voor derden bevestigd,"Landgoed-/tuinbeheer, natuurontwikkeling in stedelijke rand (Rotterdam)",Niet gevonden,Contact via volkskracht.nl/contact,Niet gevonden,Via volkskracht.nl/contact,https://www.volkskracht.nl/de-volkskracht-stichtingen/aangesloten-stichtingen/stichting-volkskracht-natuurmonumenten/,Onduidelijk of open aanvraagbaar voor externe landgoedeigenaren — navragen.
Ars Donandi (koepelstichting fondsen op naam),Landelijke koepelstichting,Landelijk,"Sociale cohesie en cultuur; koepel waaronder tientallen individuele naamfondsen vallen op terreinen als gezondheid, milieu, natuur, onderwijs.",Relevant is niet Ars Donandi zelf maar de onderliggende naamfondsen (bv. Tringa Fonds),Varieert per naamfonds; Tringa Fonds specifiek natuur/landschap (heggenherstel),"Onbekend, wisselt per naamfonds","Niet centraal geregeld, per naamfonds",Niet centraal geregeld — per naamfonds navragen,info@arsdonandi.nl,https://www.arsdonandi.nl/de-fondsen/,"Onderzoek per onderliggend naamfonds nodig, met name Tringa Fonds (natuurherstel/heggen, i.s.m. Vereniging Nederlands Cultuurlandschap)."
Nederlandse Kastelenstichting - Publicatiefonds,Landelijke kennis-/belangenorganisatie,Landelijk,"Onafhankelijke pleitbezorger voor kastelen en buitenplaatsen; publicatiefonds (2022, uit legaat, loopt 20 jaar) voor instandhouding/verspreiding van kennis over kastelen, buitenplaatsen, historische interieurs en omringend historisch groen.","Iedereen met een project over kastelen/buitenplaatsen — publicaties, tentoonstellingen, educatief materiaal, symposia","Kennisontsluiting/publicatie-onderdeel van een landgoedplan (historisch onderzoek, publicatie over groen erfgoed) — NIET voor fysieke restauratie",Niet gepubliceerd,"Mail naar info@kastelen.nl voor aanvraagformulier; 2x/jaar beoordeeld, deadlines 1 sept en 1 april","Aanvraagformulier (op aanvraag toegestuurd), verder niet gespecificeerd","info@kastelen.nl, 033-5100577",https://www.kastelen.nl/,"Aanvraagbaar, maar alleen voor publicaties/kennisprojecten, niet voor restauratie-uitvoering."
Ridderlijke Duitsche Orde Balije van Utrecht (RDO),Landelijk vermogensfonds (van oorsprong kloosterorde),"Landelijk, beperkt tot Orde-gelieerde panden",Conserveren en beheren van waardevol historisch erfgoed; categorie 'cultuurhistorische projecten' naast individuele hulp en sociale projecten.,Alleen voor gebouwen/panden die de RDO zelf bezat óf waarmee de Orde aantoonbare historische banden heeft (voormalige Commanderijen),Restauratie (interieur/exterieur) en cultuurhistorisch onderzoek — alleen bij historische Orde-link,Begroting cultuurhistorische projecten 2023: ca. €180.000/jaar totaal,Niet gepubliceerd — contact opnemen,Niet gespecificeerd — navragen,"info@rdo.nl / archief@rdo.nl, 030-231 32 76",https://rdo.nl/nl/cultuurhistorische-projecten/,Alleen relevant bij aantoonbare historische band met de Duitse Orde — geen algemeen open landgoedfonds.
Ottema-Kingma Stichting,Regionaal vermogensfonds/cultuurfonds,Friesland,Bevorderen van kunst en cultuurhistorie in Friesland; beheert zelf ca. 35.000 erfgoedobjecten.,ANBI-stichtingen/verenigingen (behalve bij publicatieaanvragen); project moet in/over Friesland gaan en nog niet gestart zijn,"Restauratie, collectiepresentatie, archeologie, wetenschappelijk onderzoek, educatieve erfgoedprojecten met Friese link",Niet gepubliceerd,"Bestuur vergadert 5x/jaar; deadlines 2026: 16 jan, 20 mrt, 8 mei, 4 sept, 6 nov",Volledig ingevuld subsidieaanvraagformulier (online); mogelijk locatiebezoek op verzoek bestuur,info@oks.nl,https://www.oks.nl/subsidie/subsidiecriteria/,"Aanvraagbaar, maar let op: niet-publiek toegankelijke monumentrestauraties en rijksmonumenten in overheidsbezit zijn expliciet uitgesloten — alleen relevant als landgoed publiek toegankelijk is."
Stichting De Versterking,Landelijk vermogensfonds,Landelijk (via LandschappenNL),"Steun aan kunst & cultuur en natuur/natuurbehoud, met focus op landschapsbeheer.",Vooral gekanaliseerd via LandschappenNL (de 12 provinciale Landschappen) — 7 jaar partner,"Natuurontwikkeling, groen erfgoed, landschapsherstel (kijkhutten, historische landschapselementen, toegankelijkheid kastelen, biodiversiteit, poelenbeheer)",€100.000/jaar totaal beschikbaar,"LET OP: 'Aanvragen worden in principe niet in behandeling genomen' — fonds zoekt zelf projecten, benader bij voorkeur via LandschappenNL",N.v.t. — geen open aanvraagprocedure,"info@de-versterking.nl; LandschappenNL 030-2345010, info@landschappen.nl",https://www.de-versterking.nl/,NIET open voor directe aanvragen — effectiever via een provinciaal Landschap. Dit is de fonds waarvan de naam eerder niet kon worden herleid via Brabants Landschap; nu bevestigd via de FIN-sitemap.
Stichting Fonds A.H. Martens van Sevenhoven,Regionaal vermogensfonds/steunfonds,Gelderland,"Giften (eenmalig of meerjarig) aan verenigingen/instellingen; gericht op monumentenzorg en natuurbescherming in Gelderland, plus wetenschap en kunst/cultuur.","Verenigingen/instellingen actief op monumentenzorg en natuurbescherming, regio Gelderland",Restauratie en natuurbescherming bij een Gelders landgoed,Niet gevonden,Niet gedetailleerd gepubliceerd — contact opnemen,Niet gespecificeerd,"info@martensvansevenhoven.nl, 0345-687010",https://fondseninnederland.nl/fonds/stichting-fonds-ah-martens-van-sevenhoven,"Aanvraagbaar, regionaal beperkt tot Gelderland."
Weidevogelfonds Vanellus Vanellus (SBNL Natuurfonds),Landelijk sub-fonds (SBNL),Landelijk,"Bijdragen aan bescherming en versterking van akker- en weidevogels (kievit, grutto).",Grondeigenaren/landgoederen met graslandbeheer waar vee graast,Weidevogelbescherming via aangepast beweidings-/maairegime op landgoed,Niet gepubliceerd; gefinancierd door SBNL-startbijdrage + Bond Friese Vogelwachten + particuliere giften,Aanvraagperiode 2027-projecten: 1 juli - 1 sept 2026; beoordeling door 5-koppige expertcommissie,Beheerplan gericht op weidevogelbescherming — verdere details navragen,"Gijs van den Brink, gijs.vandenbrink@sbnlnatuurfonds.nl, 0318-578357",https://www.sbnlnatuurfonds.nl/weidevogelbeheer,Aanvraagbaar.
Stichting Steunfonds Jacht en Wildbeheer,Regionaal/landelijk vermogensfonds (niet volledig geverifieerd),Onbekend,"Vermoedelijk gericht op jacht/wildbeheer (naam), maar doelstelling niet te bevestigen door technische toegangsproblemen (ongeldig SSL-certificaat op eigen website).",Onbekend,Mogelijk jacht/faunabeheer op landgoed,Onbekend,Onbekend,Onbekend,Onbekend,http://www.stichtingsteunfondsjachtenwildbeheer.nl/,"NIET GEVERIFIEERD — website technisch niet bereikbaar. Bestaat aantoonbaar (ANBI-vermelding vindbaar), maar alle velden vereisen handmatige verificatie voordat dit bruikbaar is."
Jantje Beton - Geld voor Speelplek,Landelijk fonds,Landelijk,Elk kind moet buiten kunnen spelen; ondersteunt aanleg/redding van speelplekken.,Initiatiefnemers van (natuur)speelplekken,"Alleen relevant als onderdeel een kindvriendelijke, publiek toegankelijke natuurspeelplek is op het landgoed",Niet gepubliceerd,Zie jantjebeton.nl,Niet gepubliceerd,Via jantjebeton.nl,https://jantjebeton.nl/ik-wil-spelen/geld-om-te-spelen/een-speelplek,"Beperkte relevantie — alleen bij natuurspeelplek-component, niet voor wandelpaden/bezoekerscentra algemeen."
Stichting Van Rees-Klatte,Regionaal vermogensfonds,Niet gepubliceerd,"Sector-tags Cultuur, Zorg en Natuur; 'natuur' staat expliciet als werkgebied vermeld op het FIN-profiel. Volledige doelstellingstekst niet gepubliceerd.",Niet gepubliceerd,Mogelijk natuurbeheer/ecologie-projecten (natuur expliciet genoemd als werkgebied),Niet gepubliceerd,Niet gepubliceerd op FIN-profiel — raadpleeg bronlink/eigen website of neem contact op.,Niet onderzocht op documentvereisten — raadpleeg bronlink of neem contact op.,Niet gepubliceerd,https://fondseninnederland.nl/fonds/stichting-van-rees-klatte,"NIEUW (volledige FIN-sitemap sweep, 342 fondsen). Sector-tag Natuur bevestigd; verdere details niet gepubliceerd op FIN — navragen aanbevolen."
Stichting de Boom,Regionaal vermogensfonds,Niet gepubliceerd,Sector-tags Welzijn en Natuur; 'natuur' expliciet als sector vermeld. Doelstellingstekst niet gepubliceerd op FIN-profiel.,Niet gepubliceerd,Mogelijk natuurbeheer/ecologie-projecten,Niet gepubliceerd,Niet gepubliceerd op FIN-profiel — raadpleeg bronlink/eigen website of neem contact op.,Niet onderzocht op documentvereisten — raadpleeg bronlink of neem contact op.,Niet gepubliceerd,https://fondseninnederland.nl/fonds/stichting-de-boom,NIEUW (FIN-sitemap sweep). Sector-tag Natuur bevestigd; verdere details navragen.
Stichting Bouwstenen voor Dierenwelzijn,Landelijk vermogensfonds,Landelijk,"Sector-tag Natuur; naam wijst op dierenwelzijn. Mogelijk relevant voor begrazingsbeheer/dierenwelzijn in het kader van natuurbeheer op landgoederen — exacte doelstelling niet als tekst gepubliceerd, wel een beleidsplan-PDF beschikbaar.",Niet gepubliceerd,Dierenwelzijn i.r.t. begrazingsbeheer / natuurbeheer op landgoed,Niet gepubliceerd,Niet gepubliceerd op FIN-profiel — raadpleeg bronlink/eigen website of neem contact op.,Niet onderzocht op documentvereisten — raadpleeg bronlink of neem contact op.,Niet gepubliceerd,https://fondseninnederland.nl/fonds/stichting-bouwstenen-voor-dierenwelzijn (beleidsplan: https://fondseninnederland.nl/storage/Fondsbestanden/WGmDCGSGCos1YINIbdjSIqmJrN2qcnHtGMHM4mqg.pdf),NIEUW (FIN-sitemap sweep). Beleidsplan-PDF aanwezig maar nog niet inhoudelijk geanalyseerd — kandidaat voor verdere beleidsplan-analyse.
Ribbink van den Hoek Familie Stichting,Regionaal vermogensfonds (familiefonds),Niet gepubliceerd,"Sector-tags Welzijn, Zorg en Natuur; familiestichting met natuurbeheer-component. Doelstellingstekst niet gepubliceerd op FIN.",Niet gepubliceerd,Mogelijk natuurbeheer op landgoed,Niet gepubliceerd,Niet gepubliceerd op FIN-profiel — raadpleeg bronlink/eigen website of neem contact op.,Niet onderzocht op documentvereisten — raadpleeg bronlink of neem contact op.,Niet gepubliceerd,https://fondseninnederland.nl/fonds/ribbink-van-den-hoek-familie-stichting,NIEUW (FIN-sitemap sweep). Sector-tag Natuur bevestigd; verdere details navragen.
JC Ruigrok Stichting,Regionaal vermogensfonds,"Noord-Holland (Kennemerland: Haarlem, Bloemendaal, Heemstede)","Steunt sociale, culturele en andere maatschappelijke organisaties in de regio Kennemerland; sectoren Cultuur, Sport, Natuur, Sociaal werk en Levensbeschouwing (bron: jcruigrokfonds.nl — FIN-profiel zelf toont geen tags).",Organisaties en initiatieven in Kennemerland,Sterke kandidaat voor landgoederen in Kennemerland — een regio met veel historische buitenplaatsen (Haarlem/Bloemendaal/Heemstede); natuur- en cultuurprojecten,Niet gepubliceerd,Niet gepubliceerd op FIN-profiel — raadpleeg bronlink/eigen website of neem contact op.,Niet onderzocht op documentvereisten — raadpleeg bronlink of neem contact op.,Niet gepubliceerd,https://fondseninnederland.nl/fonds/jc-ruigrok-stichting ; eigen website: jcruigrokfonds.nl,NIEUW en kansrijk (FIN-sitemap sweep). Regionale focus op Kennemerland maakt dit een prioritaire kandidaat om verder te onderzoeken/te benaderen voor landgoederen in die regio.
Stichting Vrienden van de Leidse Hortus,Regionaal fonds op naam,Zuid-Holland (Leiden),Steunt de Hortus Botanicus Leiden (botanische tuin) — natuur/biodiversiteit/plantencollecties.,Hortus Botanicus Leiden en aanverwante botanische/plantkundige projecten,Smal toepassingsgebied: alleen relevant bij landgoedplannen rond botanische collecties/historische tuinen i.s.m. de Leidse Hortus,Niet gepubliceerd,Niet gepubliceerd op FIN-profiel — raadpleeg bronlink/eigen website of neem contact op.,Niet onderzocht op documentvereisten — raadpleeg bronlink of neem contact op.,Niet gepubliceerd,https://fondseninnederland.nl/fonds/stichting-vrienden-van-de-leidse-hortus,NIEUW (FIN-sitemap sweep). Smalle scope — vooral relevant bij een botanische-tuin-component op het landgoed.
Iona Stichting,Landelijk vermogensfonds,Landelijk,Steunt expliciet tuin- en landschapsarchitectuur en biodynamische landbouw (bron: FIN-profiel/eigen website).,Projecten op het gebied van tuin-/landschapsarchitectuur en biodynamische landbouw,"Historische tuinaanleg/parkrestauratie, natuurinclusieve/biodynamische landbouw op landgoed",Niet gepubliceerd,Niet gepubliceerd op FIN-profiel — raadpleeg bronlink/eigen website of neem contact op.,Niet onderzocht op documentvereisten — raadpleeg bronlink of neem contact op.,Niet gepubliceerd,https://fondseninnederland.nl/fonds/iona-stichting,NIEUW en kansrijk (FIN-sitemap sweep) — directe thematische match met historische tuinen/landschapsarchitectuur op landgoederen.
Gerard Endenburg Foundation,Landelijk vermogensfonds,Niet gepubliceerd,Sector-tag Natuur. Doelstellingstekst niet gepubliceerd op FIN-profiel.,Niet gepubliceerd,Mogelijk natuurbeheer/ecologie-projecten,Niet gepubliceerd,Niet gepubliceerd op FIN-profiel — raadpleeg bronlink/eigen website of neem contact op.,Niet onderzocht op documentvereisten — raadpleeg bronlink of neem contact op.,Niet gepubliceerd,https://fondseninnederland.nl/fonds/gerard-endenburg-foundation,NIEUW (FIN-sitemap sweep). Sector-tag Natuur bevestigd; verdere details navragen.
Gestichten van Weldadigheid te Doesburg,Regionaal vermogensfonds,Doesburg (Gelderland),Sector-tag Natuur; beheert/ondersteunt een historisch gebouwencomplex in Doesburg.,Niet gepubliceerd,Combinatie natuurbeheer + instandhouding historisch gebouwencomplex — mogelijk relevant voor landgoederen met vergelijkbare monumentale bebouwing,Niet gepubliceerd,Niet gepubliceerd op FIN-profiel — raadpleeg bronlink/eigen website of neem contact op.,Niet onderzocht op documentvereisten — raadpleeg bronlink of neem contact op.,Niet gepubliceerd,https://fondseninnederland.nl/fonds/gestichten-van-weldadigheid-te-doesburg,NIEUW (FIN-sitemap sweep). Zowel Natuur- als erfgoedcomponent — nader onderzoeken.
Uyttenboogaart-Eliasen Stichting,Landelijk vermogensfonds,Niet gepubliceerd,Sector-tag Natuur. Doelstellingstekst niet gepubliceerd op FIN-profiel.,Niet gepubliceerd,Mogelijk natuurbeheer/ecologie-projecten,Niet gepubliceerd,Niet gepubliceerd op FIN-profiel — raadpleeg bronlink/eigen website of neem contact op.,Niet onderzocht op documentvereisten — raadpleeg bronlink of neem contact op.,Niet gepubliceerd,https://fondseninnederland.nl/fonds/uyttenboogaart-eliasen-stichting,NIEUW (FIN-sitemap sweep). Sector-tag Natuur bevestigd; verdere details navragen.
Fonds Alphen en Omstreken,Regionaal vermogensfonds,Alphen aan den Rijn e.o. (Zuid-Holland),"Breed lokaal fonds voor de regio Alphen aan den Rijn; sector-tags Cultuur, Welzijn en Natuur.",Lokale organisaties/initiatieven in Alphen aan den Rijn en omstreken,Mogelijk relevant voor landgoederen in/rond Alphen aan den Rijn (natuur- of cultuurprojecten),Niet gepubliceerd,Beleidsplan-PDF beschikbaar (zie bron),Niet onderzocht op documentvereisten — raadpleeg bronlink of neem contact op.,Niet gepubliceerd,https://fondseninnederland.nl/fonds/fonds-alphen-en-omstreken (beleidsplan: https://fondseninnederland.nl/storage/Fondsbestanden/SLWbdMurhCfj59EUI8A6xNwvYKmJDtZ2uqOImFCh.pdf),NIEUW (FIN-sitemap sweep). Regionaal breed fonds — relevantie hangt af van precieze ligging landgoed t.o.v. Alphen aan den Rijn.
Stichting Zabawas,Regionaal vermogensfonds,Zaanstreek (Noord-Holland),"Breed regionaal fonds voor de Zaanstreek; sector-tags Cultuur, Welzijn en Natuur.",Lokale organisaties/initiatieven in de Zaanstreek,Mogelijk relevant voor landgoederen in/rond de Zaanstreek (natuur- of cultuurprojecten),Niet gepubliceerd,Niet gepubliceerd op FIN-profiel — raadpleeg bronlink/eigen website of neem contact op.,Niet onderzocht op documentvereisten — raadpleeg bronlink of neem contact op.,Niet gepubliceerd,https://fondseninnederland.nl/fonds/stichting-zabawas,NIEUW (FIN-sitemap sweep). Regionaal breed fonds — relevantie hangt af van ligging landgoed t.o.v. de Zaanstreek.
Stichting VSB Fonds Woerden,Regionaal vermogensfonds,Woerden (Utrecht),"Lokaal fonds voor Woerden en omgeving (los van het landelijke VSBfonds); sector-tags Cultuur, Welzijn, Zorg, Natuur, Onderwijs en Lokaal.",Lokale organisaties/initiatieven in Woerden e.o.,Mogelijk relevant voor landgoederen in/rond Woerden (natuur- of cultuurprojecten),Niet gepubliceerd,Beleidsplan-PDF beschikbaar (zie bron),Niet onderzocht op documentvereisten — raadpleeg bronlink of neem contact op.,Niet gepubliceerd,https://fondseninnederland.nl/fonds/stichting-vsb-fonds-woerden (beleidsplan: https://fondseninnederland.nl/storage/Fondsbestanden/WNtlbCE5kYiw1wsRZlytDSJRVugnXx3vFjJjRTcg.pdf),NIEUW (FIN-sitemap sweep). Let op: DIT IS EEN ANDER (lokaal) fonds dan het landelijke 'VSBfonds' dat al in deze lijst staat.
Stichting Aurelia,Landelijk vermogensfonds,Landelijk,"Steunt 'algemeen nut' via drie pijlers: (a) natuur- en milieubescherming incl. duurzaamheid, (b) cultuur en erfgoedpraktijken, (c) menselijke vorming en welzijn. Richt zich in eerste instantie op andere ANBI's die minstens één van deze doelen nastreven. Jonge stichting: had op moment van beleidsplan nog geen vermogen (bankrekening actief sinds nov. 2024), dus nog geen trackrecord van toekenningen.",Andere ANBI's (algemeen-nut-organisaties) actief op natuur/erfgoed/welzijn,"Sterke thematische match: projecten die natuurontwikkeling/biodiversiteit combineren met erfgoedbehoud (bijv. historisch groen, parkherstel) sluiten goed aan bij alle drie de pijlers tegelijk","Onbekend — nog geen vaste jaarquota, afhankelijk van vermogensontwikkeling/donaties/inflatie","Geen gepubliceerde formele procedure/deadline; bestuur beoordeelt per bestuursvergadering, sluit bij toekenning een donatieovereenkomst","Projectomschrijving met doelstelling, heldere begroting, aanvullende info op verzoek, voortgangsrapportage(s), eindrapportage","Bestuur: V.J. van Noorle Jansen (voorzitter), C.C.Th. Rietberg (penningmeester), L. Dudink (secretaris)",https://fondseninnederland.nl/fonds/stichting-aurelia (beleidsplan: https://fondseninnederland.nl/storage/Fondsbestanden/ITLJibMww58sslCgSUKC5SOTpPUpbREHgPR601Sv.pdf),JA — bevestigd via volledige beleidsplan-analyse (zie apart Word-document 'Analyse_Stichting_Aurelia_beleidsplan.docx'). LET OP: nog geen eigen vermogen op moment van beleidsplan — eerst navragen of stichting inmiddels daadwerkelijk uitkeert. Statuten-PDF kon niet worden geanalyseerd (gescand document zonder leesbare tekstlaag).
Springpact,Landelijk vermogensfonds/steunfonds,Rotterdam (landelijk actief),"Sector-tag Natuur op FIN. Eigen website (springpact.org) omschrijft het breder: ontwikkelt en ondersteunt organisaties die 'de wereld eerlijker, duurzamer, mooier en fijner maken' — een brede impact-/incubatorachtige insteek (portfolio van organisaties) eerder dan een traditioneel aanvraagfonds. Geen expliciete natuur/erfgoed/landgoed-tekst aangetroffen.",Organisaties (geen individuele projecten) die maatschappelijke impact op duurzaamheid nastreven,Onduidelijk — geen bevestigde link met landgoedbeheer of erfgoed; nadere check bij het fonds zelf nodig,Niet gepubliceerd,Niet gepubliceerd op FIN-profiel — raadpleeg bronlink/eigen website of neem contact op.,Niet onderzocht op documentvereisten — raadpleeg bronlink of neem contact op.,"Bestuur: Derk Loorbach (voorzitter), Wouter Veer (penningmeester), Dorien Goris (secretaris), Armand Salomon (bestuurslid)",https://fondseninnederland.nl/fonds/springpact ; eigen website springpact.org,"MISSCHIEN — sector-tag Natuur bevestigd, maar het fonds oogt als een breed impact-/organisatie-ondersteuningsfonds zonder duidelijke landgoed/natuurbeheer-insteek. Was aanvankelijk gemist in de 342-fondsen sweep; nu alsnog onderzocht n.a.v. controle tegen FIN's officiële Natuur-categoriefilter."
Het Cultuurfonds - landelijk domein Natuur,Landelijk cultuur-/natuurfonds (Cultuurfonds),Landelijk (project moet natuur in/over Nederland betreffen),"Behoud en versterking van de Nederlandse natuur langs drie lijnen: landschap (natuur als onderdeel van het Nederlandse cultuurlandschap), biodiversiteit, en educatie/beleving. Financiert expliciet grondaankoop van natuurterrein, natuuraanleg en natuurontwikkeling, beheerondersteunend onderzoek en natuureducatie.",Stichtingen en verenigingen met KvK-inschrijving en cultuur of natuur in de statutaire doelstelling. LET OP: bij de ERFGOEDlijn geldt een uitzondering — voor historische buitenplaatsen mag het erfgoed ook in bezit zijn van een familie-B.V.; of die uitzondering ook binnen het natuurdomein geldt is niet gepubliceerd.,"Nieuwe natuur aanleggen, aankoop van aangrenzende grond, herstel van cultuurlandschap, beheeronderzoek, publieks- en educatieprojecten. Voor gebouwd erfgoed op het landgoed is niet dit domein maar Monumentenzorg/Erfgoed de ingang.",Landelijke projectaanvraag max. EUR 35.000 of 50.000 (twee staffels); provinciale route max. EUR 10.000; aankopen max. EUR 3.000 per 3 jaar en max. 50% van de aankoopkosten; Samen vergroenen max. 25% met plafond EUR 10.000. ONDERGRENS: projectbegroting minimaal EUR 15.000.,"Doorlopend, geen deadline op de landelijke route. Zes stappen: voorwaardenchecker, vooraanvraag, beoordeling binnen 14 dagen, documenten uploaden, besluit binnen 4 maanden (provinciaal na eerstvolgende vergadering), uitbetaling aanvragen. Max. 1 bijdrage per jaar per organisatie. Bij grondaankoop minimaal 4 maanden vooor transportdatum.","Projectplan, begroting en KvK-uittreksel; aanvullend statuten en jaarrekening afhankelijk van de route. Bij natuuraanleg/vergroening bovendien een beheerplan voor minimaal 5 jaar en toestemming van de grondeigenaar. Bij aankopen: bankafschrift jonger dan 3 maanden en offerte op naam van de organisatie.",Noa Dunnewind (programmamanager natuur) noa@cultuurfonds.nl; Isabella Sueur isabella@cultuurfonds.nl; +31 20 520 6130. Fonds nodigt uit om bij twijfel vooraf contact op te nemen.,https://www.cultuurfonds.nl/natuur ; https://www.cultuurfonds.nl/aanvragen/voorwaarden ; https://www.cultuurfonds.nl/samen-vergroenen,"NIEUW en zeer relevant. Dit is de LANDELIJKE natuurlijn van het Cultuurfonds zelf — die ontbrak nog, terwijl de provinciale afdelingen en de fondsen op naam al wel in deze lijst stonden. Een van de weinige loketten die grondaankoop en natuuraanleg financiert. Restricties: aanvrager moet doorgaans stichting/vereniging zijn; bij natuuraanleg moet het terrein binnen het Natuurnetwerk Nederland passen, mag geen recreatieve infrastructuur worden gefinancierd en moet de aanvrager eigenaar van de grond zijn; bij grondaankoop mag het perceel niet al in handen zijn van een andere natuurorganisatie. Projecten met regionaal karakter worden automatisch doorgezet naar de provinciale afdeling (lager plafond)."
Van der Hucht De Beukelaar Stichting,Landelijk vermogensfonds,"Landelijk Nederland (statutair gevestigd Alkmaar; dat is de vestigingsplaats, geen werkgebiedbeperking)","Bevorderen van gezondheid en welzijn van mens en dier, via financiele bijdragen aan kleinschalige projecten van derden gericht op mens, dier of hun LEEFOMGEVING. De richtlijnen noemen expliciet het behoud van in het wild levende soorten en hun leefgebieden, plus educatie en onderzoek die dat doel dienen.",Organisaties; bij voorkeur een rechtspersoon gevestigd in Nederland. ANBI-status wordt NIET geeist (alleen rechtspersoonlijkheid) — gunstiger dan bij veel andere fondsen. Steun aan individuele personen valt in beginsel af. Organisaties waarin bestuursleden zakelijke belangen hebben zijn uitgesloten.,"Biodiversiteitsherstel op een landgoed: poelen, houtwallen, bloemrijke akkerranden, nestgelegenheid, vleermuis- en uilenvoorzieningen, soortmonitoring, natuureducatie voor bezoekers. NIET voor monumenten/buitenplaatsen (geen erfgoeddoelstelling) en niet voor bedrijfsmatige natuurinclusieve landbouw.",Per toekenning niet gepubliceerd. Jaarcijfers 2024: EUR 110.655 aan giften aan derden totaal — dus een klein fonds met bescheiden bedragen per project.,"STRAK VENSTER: aanvraagronde jaarlijks 1 januari t/m 1 maart, uitsluitend via het digitale aanvraagformulier op de site (per e-mail telt niet mee). Twee aparte formulieren: dier-gerelateerd en mens-gerelateerd. Beoordeling half april, bericht binnen zes weken daarna, uitbetaling doorgaans rond de zomer. Soms een extra najaarsronde.","Ingevuld digitaal aanvraagformulier, begroting, recent KvK-uittreksel, statuten, eventuele onderbouwende bijlagen.",info@vdhdb.nl (telefoon en contactpersoon niet gepubliceerd; site verwijst voor aanvragen naar het formulier),https://vdhdb.nl/ ; https://vdhdb.nl/richtlijnen/ ; https://vdhdb.nl/beleidsplan/,"NIEUW, relevant maar afgebakend. NAAMCORRECTIE: aangeleverd als 'Stichting Van der Hucht De Beukering' — de juiste naam is Van der Hucht De BEUKELAAR Stichting. Twee harde beperkingen: het aanvraagvenster is kort (1 jan - 1 mrt) en de voorkeur ligt bij kleinschalige vrijwilligersprojecten; personeels- en reiskosten komen doorgaans niet in aanmerking. Dierenopvang is expliciet uitgesloten."
Russell-ter Brugge Fonds (Ars Donandi),Landelijk vermogensfonds / fonds op naam,Landelijk Nederland,"Steunt instellingen van algemeen maatschappelijk belang op drie terreinen: hulp aan gehandicapte kinderen, ondersteuning van blinden en doven, en NATUURBESCHERMING. Fonds op naam onder Ars Donandi, opgericht bij testament van mevrouw B.G.A. Russell-ter Brugge (overleden 1981).","Uitsluitend instellingen met ANBI-verklaring, gevestigd in Nederland. Particulieren en B.V.'s dus uitgesloten. Ars Donandi financiert daarnaast geen politieke partijen en geen religieuze instellingen.","Biodiversiteits- en landschapsherstel: bewezen precedent is een schenking van EUR 10.000 aan de Vereniging Nederlands Cultuurlandschap voor herstel van het leefgebied van de zeldzame grijze zandbij, vervangende bijenkasten, opruimen van stormschade en herstel van beheercycli. Monumenten en natuurinclusieve landbouw passen minder goed.","Fondsspecifiek budget niet gepubliceerd. Ars Donandi-breed (bron: FindNFund, niet primair geverifieerd): EUR 1.000 - 15.000 per project, eenmalige donaties. Uitgesloten: projecten groter dan 10x het maximale bijdragebedrag, en verbouwingen boven EUR 200.000.","Open voor aanvragen (geen invitation-only). Aanvraag loopt via het centrale loket van Ars Donandi, niet rechtstreeks bij het fonds op naam; Ars Donandi wijst de aanvraag toe aan het passende fonds. Geen vaste deadline, doorlopend indienen; doorlooptijd tot circa 120 dagen. Zes maanden na betaling wordt verantwoording gevraagd. AANBEVELING: bevestig de actuele procedure telefonisch voor indiening.","Niet primair geverifieerd (aanvraagpagina Ars Donandi was niet automatisch op te halen). Reken op de standaardset: projectplan, begroting met dekkingsplan, jaarrekening, statuten, KvK-uittreksel en ANBI-bewijs. Vraag de exacte lijst op bij het bureau.","Ars Donandi: info@arsdonandi.nl, +31 20 527 6416, Herengracht 537 Amsterdam. Contactpersoon voor dit specifieke fonds niet gepubliceerd.",https://arsdonandi.nl/fonds/russell-ter-brugge-fonds/ ; precedent: https://www.nederlandscultuurlandschap.nl/vnc-ontvangt-schenking-van-het-russell-ter-brugge-fonds-van-ars-donandi/,"NIEUW en kansrijk. Natuurbescherming staat letterlijk in de doelstelling en er is een recent, concreet precedent van EUR 10.000 voor precies het soort biodiversiteitswerk dat op landgoederen speelt. LET OP: arsdonandi.nl blokkeerde geautomatiseerd ophalen, dus doelstelling is bevestigd via twee onafhankelijke begunstigden, maar bedragen/doorlooptijd/documenten zijn NIET primair geverifieerd. Harde randvoorwaarde: aanvrager moet Nederlandse ANBI zijn."
KIEM - natuuraanvraagloket provincie Utrecht,Regionale samenwerkingsregeling (3 fondsen),Uitsluitend provincie Utrecht,"Gezamenlijk natuurloket van drie fondsen die al apart in deze lijst staan: K.F. Hein Fonds, Elise Mathilde Fonds en Cultuurfonds Utrecht. Een aanvraag, een beoordeling, drie fondsen. Ondersteunt vrijwilligersinitiatieven die de provincie Utrecht groener en de natuur gevarieerder maken: bloemrijke bermen, insectenhotels, bijenstallen, plukbossen, nestkasten, poelen, wandel- en fietspaden, natuureducatie.","Alleen stichtingen en verenigingen. Particulieren en informele groepen kunnen alleen meedoen via een bestaande organisatie als penvoerder. Een landgoed-B.V. of particuliere eigenaar kan NIET zelf aanvragen. ANBI niet expliciet geeist, wel rechtspersoon met statuten en KvK.","Kleinschalige, publiek toegankelijke biodiversiteits- en beleefbaarheidsprojecten op een Utrechts landgoed die door vrijwilligers worden uitgevoerd. NIET voor restauratie van monumenten, niet voor natuurinclusieve landbouw als bedrijfsinvestering, en begeleiding door derden mag max. 30% van de kosten zijn.",EUR 1.000 - 5.000 per project (max. EUR 5.000). TOTALE projectkosten mogen niet boven EUR 20.000 liggen. Financiering tot 100% mogelijk; cofinanciering gewaardeerd maar niet verplicht. Crowdfundingvariant via crowdfundingvoornatuur.nl: max. 25% met plafond EUR 1.000.,"Open en doorlopend, geen deadlines. Besluitvorming elke twee maanden, uiterlijk binnen 2 maanden na indiening. Indienen via portaal.kfhein.nl. Voorwaarden: project nog niet gestart, uitvoering binnen 24 maanden, vrijwilligers betrokken, locatie openbaar toegankelijk. UITBETALING ACHTERAF op basis van werkelijke kosten.","Projectplan, begroting/dekkingsplan, statuten, recent KvK-uittreksel, jaarrekening/financiele stukken.","030 - 258 9094 (di t/m do, ochtend); utrecht@cultuurfonds.nl; portaal.kfhein.nl. K.F. Hein algemeen: hein@kfhein.nl, 030 - 232 21 14.",https://kiemutrecht.nl/ ; https://www.cultuurfonds.nl/kiem-regeling ; https://kfhein.nl/wat-doen-wij/initiatieven,"NIEUW. NAAMCORRECTIE: aangeleverd als 'Natuurfonds Utrecht (Regeling KIEM / Groen)' — een entiteit met de naam 'Natuurfonds Utrecht' bestaat niet; bedoeld is de natuurregeling KIEM. BELANGRIJK: dit is 100% PRIVAAT geld (drie private vermogensfondsen), geen provinciale subsidie — de provincie Utrecht is nergens financier. De naamsverwarring komt waarschijnlijk doordat 'Cultuurfonds Utrecht' de provinciale afdeling van het Cultuurfonds is, niet de provincie. Beperkte relevantie door het plafond van EUR 5.000 en het maximum van EUR 20.000 totale projectkosten."
Fred Foundation,Landelijk vermogensfonds (familiefonds),Landelijk Nederland en internationaal (kantoor Driebergen-Rijsenburg),"Bevorderen van behoud en herstel van de natuurlijke leefomgeving en van de zelfredzaamheid van de mens. Drie thema's: natuur en klimaat, medemenselijkheid, en publiek belang (onderzoeksjournalistiek, persvrijheid). Opgericht door Fred Matser; dochters Nina en Lyke Matser in het bestuur. De ForestPeace Foundation (elders in deze lijst) is hier een onderdeel van.",Uitsluitend organisaties met ANBI-status. Het fonds benadert echter ZELF organisaties en nodigt ze uit een aanvraag in te dienen — er is geen open doelgroep.,"Thematisch sterk passend: natuurherstel, rewilding, regeneratieve en natuurinclusieve landbouw, ecosysteemherstel. Steunt o.a. Land van Ons. Monumenten en groen erfgoed zijn GEEN thema.",In 2024 in totaal EUR 4.565.904 gedoneerd aan circa 100 organisaties; bandbreedte per donatie van onder EUR 15.000 tot circa EUR 150.000-194.000. Geen gepubliceerd minimum of maximum.,"GEEN OPEN LOKET - invitation only. Letterlijk op de eigen site: het fonds kiest zelf de initiatieven en je kunt er geen aanvraag indienen. Hetzelfde geldt voor de gelieerde stichtingen ForestPeace, Flowfund en Essentia Foundation. Geen deadlines.",N.v.t. - geen aanvraagprocedure. Enige bekende harde eis: ANBI-status van de ontvangende organisatie.,"info@fredfoundation.org, 06 23 78 51 84, Langbroekerdijk 8A, 3972 ND Driebergen-Rijsenburg. Contactpersoon: Martine d'Hooghe.",https://fredfoundation.org/ ; https://fredfoundation.org/donaties/ ; https://fredfoundation.org/anbi/,"NIEUW maar NIET AANVRAAGBAAR. Thematisch een uitstekende match, procedureel gesloten — opgenomen als watchlist/netwerkregel, net als Adessium, DOB Ecology en Porticus. Enige route is zichtbaarheid opbouwen in het netwerk (ecosysteemherstel, Land van Ons) zodat het fonds jou benadert. Niet aanschrijven."
Stichting Pharus,Landelijk vermogensfonds (familiefonds),Geen geografische beperking gepubliceerd; kantoor Amersfoort. Feitelijk portfolio sterk internationaal (circa 80 projecten in 26 landen).,"Breed vermogensfonds (AFAS-familie Mars) dat projecten initieert en ondersteunt op welzijn, cultuur, onderwijs, wetenschap, BESCHERMING VAN MILIEU EN NATUUR, gezondheidszorg, jeugd- en ouderenzorg, dierenwelzijn en democratische rechtsorde, vanuit christelijke waarden.","Uitsluitend organisaties met ANBI-status die minimaal 2 jaar bestaan. Expliciet uitgesloten: particulieren, organisaties zonder ANBI, commerciele belangen (dus geen landgoed-B.V.), startups, en grote/kapitaalkrachtige fondsen.",Alleen denkbaar als het landgoedplan wordt gedragen door een eigen ANBI-stichting met natuur-/milieudoelstelling en een duidelijk maatschappelijk karakter met lange-termijndoelen. Niet voor restauratie/monumenten als zodanig.,Geen minimum/maximum gepubliceerd. Giften tot EUR 5.000 worden versneld door het bestuur afgedaan; vanaf EUR 5.000 volgt formele behandeling in een bestuursvergadering. Projectgiften lopen maximaal 5 jaar.,"Open voor externe aanvragen, doorlopend. Uitsluitend digitaal via het formulier op de website; per e-mail of post wordt niet in behandeling genomen. Vooroverleg voor indiening is NIET mogelijk. Bestuur vergadert eens per kwartaal. Elk gehonoreerd project krijgt twee bestuursleden als toezichthouder.","Uitgewerkt projectplan met lange-termijndoelstelling, gedetailleerde projectbegroting, meest recente jaarrekening/jaarverslag, beschrijving van de organisatie, aantoonbare ANBI-status.","info@stichtingpharus.nl, Utrechtseweg 174, 3818 ES Amersfoort (telefoon niet gepubliceerd)",https://www.stichtingpharus.nl/ ; https://www.stichtingpharus.nl/portal-pharus/beleid,"NIEUW, oordeel MISSCHIEN. 'Bescherming van milieu en natuur' staat letterlijk in de doelstelling, maar het feitelijke portfolio oogt overwegend internationaal en christelijk-diaconaal; Nederlandse natuurprojecten zijn niet aantoonbaar. LET OP twee harde afknappers: alleen ANBI's mogen aanvragen, EN projecten waarbij cofinanciering vereist is worden expliciet uitgesloten — dat botst frontaal met de gangbare landgoedpraktijk van gestapelde financiering."
De Bijll Nachenius Fonds (Cultuurfonds),Regionaal fonds op naam,Voorkeur voor Amsterdam en omstreken,Fonds op naam bij het Cultuurfonds met een doelstelling die letterlijk NATUURBEHOUD EN MONUMENTENZORG combineert — precies de dubbele insteek die voor landgoederen relevant is.,Loopt via het reguliere Cultuurfonds-loket: stichtingen en verenigingen met cultuur of natuur in de statuten.,"Combinatieprojecten natuur + monument op een landgoed in de regio Amsterdam: groen erfgoed, historische tuinaanleg gecombineerd met biodiversiteit, restauratie in een natuurlijke context.",Niet gepubliceerd; volgt de staffels van het Cultuurfonds-loket.,"Via aanvragen.cultuurfonds.nl, het gedeelde portaal voor alle Cultuurfonds-fondsen op naam.","Basis via het Cultuurfonds-portaal: projectplan, begroting, KvK-uittreksel; de volledige bijlagenlijst wordt dynamisch in het formulier zelf getoond.",Via het Cultuurfonds: +31 20 520 6130,https://www.cultuurfonds.nl/fondsen/de-bijll-nachenius-fonds,"NIEUW - gevonden bij het natrekken van 'Marc de Bijl Stichting', die zelf niet blijkt te bestaan. Dit fonds is qua naam en thema de meest waarschijnlijke bedoelde entiteit, maar dat is een AANNAME: bevestig even of dit is wat je bedoelde. Inhoudelijk hoe dan ook een goede aanvulling, want de combinatie natuurbehoud + monumentenzorg in een enkele doelstelling is zeldzaam."
Stichting OPNB - Ondersteuning Particulier Natuurbeheer,Landelijk vermogensfonds,Landelijk,"Financiele ondersteuning aan PARTICULIERE GRONDEIGENAREN bij het ontwikkelen en inrichten van nieuwe natuur en het herstel van bestaande natuur. Thema's: biodiversiteit, bedreigde soorten, waterkwaliteit, klimaatbestendigheid. Financiert o.a. rewilding, peilaanpassing, bodemverbetering, bos, wetlands, poelen, ecologische verbindingen, historische tuinen, voedselbossen en hoogstamboomgaarden van inheemse rassen.",Particuliere grondeigenaren — expliciet NIET alleen terreinbeherende organisaties,Vrijwel elk natuurinrichtings- of herstelplan op een landgoed,Niet gepubliceerd,Open voor projecten die vanaf 2026 starten. Opgericht oktober 2024.,Niet onderzocht op documentvereisten — raadpleeg bronlink of neem contact op.,Zie opnb.org,https://opnb.org/ ; aankondiging FPG: https://www.grondbezit.nl/en/nieuws-detail/2026/04/20/nieuw-financiele-ondersteuning-particulier-natuurbeheer-stichting-opnb,NIEUW EN DE BELANGRIJKSTE VONDST VAN DEZE RONDE. Gevuld uit de schikking die Natuurmonumenten en de 12 Provinciale Landschappen betaalden wegens aankoopsubsidies die 1993-2011 uitsluitend aan TBO's werden verstrekt — dit is dus letterlijk geld dat bestemd is als compensatie voor PARTICULIERE grondeigenaren. Staat in geen enkele reguliere fondsenlijst. Prioriteit 1 om te benaderen.
Baron en Barones Van Hemert tot Dingshof-Coldeweij Fonds (SBNL),Landelijk sub-fonds (SBNL),"Overijssel, Achterhoek en Liemers (Gelderland)","Biodiversiteit, landschap en natuurbeheer op particuliere en agrarische grond: aanleg, herstel en herinrichting van kleine landschapselementen, beheer van natuurterreinen, natuureducatie. Overheden en terreinbeherende organisaties zijn uitgesloten.",Particuliere en agrarische grondeigenaren; nieuwe aanvragers krijgen voorrang,"Houtwallen, poelen, hakhout, lanen, singels op een landgoed in het werkgebied",Fondsvermogen meer dan EUR 1 mln; bedrag per project niet gepubliceerd,AANVRAAGPERIODE 1 JULI T/M 1 SEPTEMBER 2026 — sluit binnenkort.,Niet onderzocht op documentvereisten — raadpleeg bronlink of neem contact op.,Via SBNL Natuurfonds,https://www.sbnlnatuurfonds.nl/baron-en-barones-van-hemert-tot-dingshof-coldeweij-fonds,NIEUW en zeer gericht op particulier grondbezit. LET OP DE DEADLINE: 1 september 2026.
SBNL Fonds Groene Landschapselementen,Landelijk sub-fonds (SBNL),"Utrecht, Gelderland, Overijssel",Aanleg en herstel van groene landschapselementen door particuliere en agrarische natuurbeheerders.,Particuliere en agrarische natuurbeheerders,"Houtwallen, hoogstamboomgaard, poelen, singels",EUR 3.000 - 20.000 per project,DEADLINE 1 SEPTEMBER 2026,Niet onderzocht op documentvereisten — raadpleeg bronlink of neem contact op.,Via SBNL Natuurfonds,https://www.sbnlnatuurfonds.nl/aanvraagpagina-landschaps-en-natuurbeheer,NIEUW. Apart loket binnen SBNL dat we nog niet hadden. Deadline 1 september 2026.
SBNL Fonds Wetenschappelijk Onderzoek,Landelijk sub-fonds (SBNL),Landelijk,Wetenschappelijk onderzoek ten behoeve van de natuur in Nederland.,Onderzoekers/organisaties,Monitoring of nulmeting bij een landgoedproject,EUR 3.000 - 20.000,DEADLINE 1 OKTOBER 2026,Niet onderzocht op documentvereisten — raadpleeg bronlink of neem contact op.,Via SBNL Natuurfonds,https://www.sbnlnatuurfonds.nl/fondsen-overzicht,NIEUW. Bruikbaar om de onderbouwing van een beheerplan te financieren.
Stichting Vrienden Particuliere Historische Buitenplaatsen (PHB),Landelijk vermogensfonds,Landelijk,Stelt financiele middelen beschikbaar voor KLEINE RESTAURATIES op particuliere historische buitenplaatsen.,Eigenaren van particuliere historische buitenplaatsen,"Kleine deelrestauraties: tuinornamenten, hekwerk, tuinmuur, tuinvaas, brug",Klein,Procedure niet online gepubliceerd — via secretaris@vriendenphb.nl,Niet onderzocht op documentvereisten — raadpleeg bronlink of neem contact op.,secretaris@vriendenphb.nl,https://www.zelfdoeninzh.nl/groen-erfgoed/thematische-onderwerpen/landgoederen-buitenplaatsen/,"NIEUW en opvallend gericht: expliciet voor PARTICULIERE historische buitenplaatsen, precies de doelgroep. Geen open website-procedure, dus rechtstreeks mailen."
Overijsselse Kastelenstichting (OKS),Regionaal vermogensfonds,Overijssel (662 landgoederen),Kleinschalige projecten voor het behoud van monumentale gebouwen EN de bijbehorende landgoederen.,"Eigenaren van kastelen, havezaten en landgoederen in Overijssel","Alle landgoedplannen, kleinschalig",Rendement van een klein vermogen — bedragen niet gepubliceerd,"DEADLINES 1 FEBRUARI en 1 SEPTEMBER, via Het Oversticht",Niet onderzocht op documentvereisten — raadpleeg bronlink of neem contact op.,Via Het Oversticht,https://overijsselsekastelenstichting.nl/organisatie,NIEUW. Zeer gerichte niche voor Overijsselse landgoederen; loopt via Het Oversticht dat ook adviseert bij de aanvraag.
Interieurfonds voor kasteeleigenaren (St. Limburgse Kastelen + Monumentenwacht Limburg),Regionaal/thematisch fonds,Limburg,"Financiert ONDERZOEK naar de kwaliteit en staat van waardevolle kasteelinterieurs, als voorbereiding op restauratieplannen.",Kasteel- en landhuiseigenaren in Limburg,Planvorming vooraf: interieuronderzoek als basis voor een restauratieaanvraag elders,Fondsomvang EUR 50.000; maximaal EUR 5.000 per eigenaar,Melden voor 1 juli,Niet onderzocht op documentvereisten — raadpleeg bronlink of neem contact op.,Via Stichting Limburgse Kastelen,https://www.limburgsekastelen.nl/,"NIEUW en strategisch interessant: dit financiert de PLANVOORBEREIDING, wat bij vrijwel alle andere fondsen juist een vereiste bijlage is. Goede eerste stap in een financieringsketen."
Mulder Premie Fonds (Het Groninger Landschap),Regionaal fonds op naam,"Gorecht (Haren, Hoogezand, Zuidlaren e.o., Groningen)",Herstel en behoud van cultuurhistorische waarden en landschapselementen in het Gorecht. Premie-constructie waarbij derden herstelwerk kunnen laten financieren.,Onduidelijk — voorwaarden niet gepubliceerd,Landschapselementen en cultuurhistorie in het Gorecht,Niet gepubliceerd,Voorwaarden staan NIET online — rechtstreeks navragen bij Het Groninger Landschap,Niet onderzocht op documentvereisten — raadpleeg bronlink of neem contact op.,Het Groninger Landschap,https://www.groningerlandschap.nl/custom/uploads/2025/06/jaarverslag-2024-web.pdf,NIEUW. Het enige naamfonds bij een Landschap dat een premieregeling voor DERDEN lijkt te hebben in plaats van alleen een donatie-instrument te zijn. Navragen loont.
Pfältzer-Birnie Fonds (Cultuurfonds),Landelijk themafonds (Cultuurfonds),Landelijk,Ondersteunt projecten op het gebied van natuurbehoud EN monumentenzorg.,Stichtingen/verenigingen via het Cultuurfonds-loket,Combinatieprojecten natuur + monument — de dubbele insteek die landgoederen kenmerkt,Niet gepubliceerd,Via aanvragen.cultuurfonds.nl,Niet onderzocht op documentvereisten — raadpleeg bronlink of neem contact op.,Cultuurfonds +31 20 520 6130,https://www.cultuurfonds.nl/fondsen/pfaltzer-birnie-fonds,NIEUW. Een van de weinige fondsen met natuur EN monumenten expliciet in een enkele doelstelling.
Zanen-Bakker Fonds (Cultuurfonds),Landelijk themafonds (Cultuurfonds),Landelijk,Projecten op het gebied van cultuur en natuurbehoud in Nederland.,Via Cultuurfonds-loket,"Breed natuurbehoud, ook op landgoed",Niet gepubliceerd,Via aanvragen.cultuurfonds.nl,Niet onderzocht op documentvereisten — raadpleeg bronlink of neem contact op.,Cultuurfonds,https://www.cultuurfonds.nl/fondsen/zanen-bakker-fonds,NIEUW (Cultuurfonds fonds op naam).
Par Terra Fonds (Cultuurfonds),Landelijk themafonds (Cultuurfonds),Landelijk,Ondersteunt cultuur en natuurbehoud in Nederland.,Via Cultuurfonds-loket,Breed natuurbehoud,Niet gepubliceerd,Via aanvragen.cultuurfonds.nl,Niet onderzocht op documentvereisten — raadpleeg bronlink of neem contact op.,Cultuurfonds,https://www.cultuurfonds.nl/fondsen/par-terra-fonds,NIEUW (Cultuurfonds fonds op naam).
Van Lange Fonds (Cultuurfonds),Landelijk themafonds (Cultuurfonds),Landelijk,Projecten op het gebied van cultuur en natuurbehoud in Nederland.,Via Cultuurfonds-loket,Breed natuurbehoud,Niet gepubliceerd,Via aanvragen.cultuurfonds.nl,Niet onderzocht op documentvereisten — raadpleeg bronlink of neem contact op.,Cultuurfonds,https://www.cultuurfonds.nl/fondsen/van-lange-fonds,NIEUW (Cultuurfonds fonds op naam).
A. en M. Verhoeven Fonds (Cultuurfonds),Regionaal fonds op naam,"Hoeksche Waard + Veluwe (tot Arnhem, Rhenen, Wageningen)","Cultureel erfgoed, cultuureducatie en natuur in en rond de Hoeksche Waard; daarnaast natuur op de Veluwe tot aan Arnhem, Rhenen en Wageningen.",Via Cultuurfonds-loket,Alleen bij een landgoed in die twee regio's — dan wel een goede match (erfgoed en natuur samen),Niet gepubliceerd,Via aanvragen.cultuurfonds.nl,Niet onderzocht op documentvereisten — raadpleeg bronlink of neem contact op.,Cultuurfonds,https://www.cultuurfonds.nl/fondsen/a-en-m-verhoeven-fonds,NIEUW. Scherp afgebakend werkgebied; check de ligging van het landgoed eerst.
Popp-Snijders Bomenfonds (Cultuurfonds),Regionaal fonds op naam,Bij voorkeur Leiden en Zuid-Holland,Stimuleert het onderhoud en de instandhouding van monumentale of beeldbepalende bomen.,Via Cultuurfonds-loket,"Boomverzorging, monumentale bomen, laanherstel",Niet gepubliceerd,Via aanvragen.cultuurfonds.nl,Niet onderzocht op documentvereisten — raadpleeg bronlink of neem contact op.,Cultuurfonds,https://www.cultuurfonds.nl/fondsen/popp-snijders-bomenfonds,NIEUW. Specifiek voor bomen — relevant bij laanherstel en monumentale bomen op het landgoed.
Natuurlijk Limburg Fonds (Cultuurfonds),Regionaal fonds op naam,Limburg,Grondaankopen in Limburg ten behoeve van natuurontwikkeling en natuurbehoud.,Via Cultuurfonds Limburg,Aankoop of omvorming van grond tot natuur,Niet gepubliceerd,Via Cultuurfonds Limburg,Niet onderzocht op documentvereisten — raadpleeg bronlink of neem contact op.,Cultuurfonds Limburg,https://www.cultuurfonds.nl/fondsen/natuurlijk-limburg-fonds,NIEUW. Een van de weinige fondsen die expliciet GRONDAANKOOP financiert.
Goessche Diep Fonds (Cultuurfonds),Regionaal fonds op naam,Zeeland,"Cultuur- en natuurbehoud, met name vogelbescherming in brede zin.",Via Cultuurfonds Zeeland,Vogel- en natuurprojecten op een Zeeuws landgoed,Niet gepubliceerd,Via Cultuurfonds Zeeland,Niet onderzocht op documentvereisten — raadpleeg bronlink of neem contact op.,Cultuurfonds Zeeland,https://www.cultuurfonds.nl/fondsen/goessche-diep-fonds,NIEUW. Zeeland was tot nu toe de dunst bedeelde provincie in dit overzicht — dit vult dat gat deels.
Themafonds Erfgoedvrijwilligers (Cultuurfonds),Landelijk themafonds (Cultuurfonds),Landelijk,Ondersteunt vrijwilligerswerk in de erfgoedsector.,Erfgoedorganisaties met vrijwilligers,"Vrijwilligersorganisatie rond het landgoed: werving, opleiding, waardering",Niet gepubliceerd,Via aanvragen.cultuurfonds.nl,Niet onderzocht op documentvereisten — raadpleeg bronlink of neem contact op.,Cultuurfonds,https://www.cultuurfonds.nl/fondsen/themafonds-erfgoedvrijwilligers,NIEUW. Relevant als het landgoed met vrijwilligers werkt.
Buurtnatuur- en Buurtwaterfonds Noord-Brabant (Cultuurfonds),Regionaal fonds op naam,Noord-Brabant,Buurtparticipatie bij natuur- en waterprojecten en klimaatbestendigheid.,Organisaties met bewonersparticipatie,Waterretentie of klimaatadaptatie samen met omwonenden,"60% van de kosten, maximaal EUR 10.000; jaarbudget EUR 250.000","Rondes 2026: 2 februari, 1 mei, 31 juli, 2 november",Niet onderzocht op documentvereisten — raadpleeg bronlink of neem contact op.,Cultuurfonds Noord-Brabant,https://www.cultuurfonds.nl/fondsen/buurtnatuur-en-buurtwaterfonds-noord-brabant,NIEUW. Vraagt een expliciete buurt-/participatiecomponent.
Stichting Volkskracht Historische Monumenten,Regionaal vermogensfonds,Rotterdam en agglomeratie,"Aankoop, restauratie en instandhouding van monumenten onder de Erfgoedwet. Openstelling voor publiek is een vereiste.",Monumenteigenaren in de regio Rotterdam,Restauratie mits het monument wordt opengesteld,Niet gepubliceerd,Via Volkskracht,Niet onderzocht op documentvereisten — raadpleeg bronlink of neem contact op.,https://www.volkskracht.nl/,https://www.skbl.nl/erfgoedfondsen/,NIEUW. Zusterstichting van Volkskracht Natuurmonumenten dat al in de lijst stond.
K.F. Hein Fonds Monumenten,Regionaal vermogensfonds,Provincie Utrecht,"Koopt, restaureert en verhuurt monumenten aan instellingen. Aparte entiteit naast het K.F. Hein Fonds.",Monumenten in de provincie Utrecht,Restauratie of herbestemming van een Utrechts monument,Niet gepubliceerd,Via K.F. Hein,Niet onderzocht op documentvereisten — raadpleeg bronlink of neem contact op.,"hein@kfhein.nl, 030 - 232 21 14",https://www.skbl.nl/erfgoedfondsen/,NIEUW. Let op: dit is een ANDERE entiteit dan het K.F. Hein Fonds dat al in de lijst staat.
Stichting TBI Fundatie,Landelijk vermogensfonds,Landelijk,Restauratie van bijzondere en uitzonderlijke rijksmonumenten.,Eigenaren van bijzondere rijksmonumenten,Grote restauratie van het hoofdhuis,Niet gepubliceerd,Via info@stichtingtbifundatie.nl,Niet onderzocht op documentvereisten — raadpleeg bronlink of neem contact op.,info@stichtingtbifundatie.nl,https://www.stichtingtbifundatie.nl/,NIEUW. Gericht op de zwaardere restauratieopgaven.
Fonds TBI Klimaattrein,Landelijk themafonds,Landelijk,CO2-reductie via herbestemming en verduurzaming van erfgoed.,Erfgoedeigenaren,Verduurzaming van monumentaal vastgoed op het landgoed,"30-50% van de kosten, maximaal EUR 50.000",Zie tbi-klimaattrein.nl,Niet onderzocht op documentvereisten — raadpleeg bronlink of neem contact op.,Via tbi-klimaattrein.nl,https://www.tbi-klimaattrein.nl/,NIEUW. Vult het gat 'verduurzaming monument' dat in dit overzicht nog ontbrak.
Stichting Zadelhoff Cultuur Fonds,Landelijk vermogensfonds,Landelijk,Behoud van karakteristieke en bijzondere gebouwen; ook ouderenzorg.,Niet van toepassing — geen open loket,Grote restauratie,Niet gepubliceerd,NIET AANVRAAGBAAR — uitsluitend op uitnodiging,Niet onderzocht op documentvereisten — raadpleeg bronlink of neem contact op.,Niet gepubliceerd,https://www.zadelhoffcultuurfonds.nl/,"NIEUW maar NIET AANVRAAGBAAR (invitation only). Opgenomen als watchlist-regel, net als Adessium en Fred Foundation."
Kuijper van Harpen Fonds (Ars Donandi),Landelijk vermogensfonds / fonds op naam,Landelijk,Ondersteunt PARTICULIERE EIGENAREN van GEMEENTELIJKE monumenten — een categorie die bij de meeste erfgoedfondsen juist buiten de boot valt.,Particuliere eigenaren van gemeentelijke monumenten,"Restauratie van gemeentelijke monumenten op het landgoed (bijgebouwen, tuinmanswoning, koetshuis)",Niet gepubliceerd,Via het centrale loket van Ars Donandi,Niet onderzocht op documentvereisten — raadpleeg bronlink of neem contact op.,"info@arsdonandi.nl, +31 20 527 6416",https://www.arsdonandi.nl/de-fondsen/,"NIEUW en nuttig: rijksmonumenten hebben veel loketten, gemeentelijke monumenten weinig. Dit fonds richt zich juist daarop, en op particulieren."
Nederlandse Kastelenstichting - Publicatiefonds (deadlines),Landelijk themafonds,Landelijk,"Instandhouding en kennisverspreiding over kastelen en buitenplaatsen: tentoonstellingen, educatie, congressen, publicaties.",Erfgoedorganisaties en eigenaren,"Kennis-, publicatie- of educatieproject rond het landgoed",Erfenis met een looptijd van 20 jaar vanaf 2022; bedragen niet gepubliceerd,"DEADLINES 1 SEPTEMBER en 1 APRIL, via info@kastelen.nl",Niet onderzocht op documentvereisten — raadpleeg bronlink of neem contact op.,info@kastelen.nl,https://www.kastelen.nl/,AANVULLING op de bestaande rij: de deadlines (1 sept / 1 apr) waren nog niet vastgelegd.
Stichting Huis te Warmond,Regionaal vermogensfonds,Zuid-Holland,Buitenplaatsgebonden fonds dat monumentenrestauratie financiert.,Niet gepubliceerd,Restauratie van gebouwd erfgoed,Niet gepubliceerd,Niet gepubliceerd,Niet onderzocht op documentvereisten — raadpleeg bronlink of neem contact op.,Niet gepubliceerd,https://www.hendrickdekeyser.nl/fondsen,"NIEUW, gevonden via de financierslijst van Vereniging Hendrick de Keyser. Details navragen."
Stichting Vrienden van Beeckestijn,Regionaal fonds op naam,Noord-Holland (buitenplaats Beeckestijn),Steunfonds voor buitenplaats Beeckestijn; financiert monumentenrestauratie.,Niet gepubliceerd,Vooral gebonden aan Beeckestijn zelf; mogelijk breder,Niet gepubliceerd,Niet gepubliceerd,Niet onderzocht op documentvereisten — raadpleeg bronlink of neem contact op.,Niet gepubliceerd,https://www.hendrickdekeyser.nl/fondsen,NIEUW. Waarschijnlijk sterk objectgebonden — verifieren voordat je aanklopt.
Bouwman Boerema Fonds,Regionaal vermogensfonds,Groningen,Financierde de restauratie van de rijksmonumentale boerderij Euvelgunnerheem.,Niet gepubliceerd,Restauratie van monumentale boerderijen en bijgebouwen,Niet gepubliceerd,Niet gepubliceerd,Niet onderzocht op documentvereisten — raadpleeg bronlink of neem contact op.,Niet gepubliceerd,https://www.groningerlandschap.nl/projecten/euvelgunnerheem/,"NIEUW, gevonden via funder-mining op een concrete restauratie. Doelstelling nog niet primair geverifieerd."
Stichting van Well - van der Snoek,Landelijk vermogensfonds,Landelijk,"Cultuur, zorg, vluchtelingen en oorlogsslachtoffers. Financierde een documentatieproject over buitenplaats Huis Landfort in oorlogstijd.",Niet gepubliceerd,Cultuurhistorisch onderzoek en documentatie over het landgoed,Niet gepubliceerd,Niet gepubliceerd,Niet onderzocht op documentvereisten — raadpleeg bronlink of neem contact op.,Niet gepubliceerd,https://wellvandersnoek.nl/,"NIEUW. Smalle maar reele ingang: onderzoek en documentatie, niet restauratie."
Van der Wijck - de Kempenaer Stichting,Landelijk vermogensfonds,Groningen / landelijk,Financierde de bijzondere leerstoel Buitenplaatsen en Landgoederen aan de Rijksuniversiteit Groningen.,Niet gepubliceerd,Onderzoek en kennisontwikkeling ter onderbouwing van een landgoedplan,Niet gepubliceerd,Onduidelijk — loopt via de RUG,Niet onderzocht op documentvereisten — raadpleeg bronlink of neem contact op.,Niet gepubliceerd,https://www.skbl.nl/erfgoedfondsen/,NIEUW. Vermoedelijk geen open loket; vooral relevant als kennispartner.
Van den Hazel Fonds (via Geldersch Landschap & Kasteelen),Regionaal fonds op naam,Gelderland,Fonds op naam dat grondaankoop voor natuur financiert; kocht circa 3 ha landbouwgrond bij Hoeve Kossink langs de historische enk.,Niet gepubliceerd,Aankoop van landbouwgrond voor natuuromvorming,Niet gepubliceerd,Loopt via GLK,Niet onderzocht op documentvereisten — raadpleeg bronlink of neem contact op.,"Willem van Vliet, w.vanvliet@glk.nl",https://static.cbf.nl/documents/Geldersch%20Landschap%20&%20Kasteelen/2024/jaarverslag.pdf,"NIEUW, gevonden in het GLK-jaarverslag 2024. Loopt via GLK als intermediair."
Spiering Fonds (via Geldersch Landschap & Kasteelen),Regionaal fonds op naam,Gelderland,Cofinancierde de aankoop van Hoeve Kossink; gericht op grondaankoop voor natuur.,Niet gepubliceerd,Aankoop van grond voor natuur,Niet gepubliceerd,Loopt via GLK,Niet onderzocht op documentvereisten — raadpleeg bronlink of neem contact op.,Via GLK,https://static.cbf.nl/documents/Geldersch%20Landschap%20&%20Kasteelen/2024/jaarverslag.pdf,"NIEUW, gevonden in het GLK-jaarverslag 2024."
Stichting A.A.M. Bijleveld,Landelijk vermogensfonds,Landelijk,Natuur en dierenwelzijn; vaste begunstiger van Landschap Overijssel.,Niet gepubliceerd,Natuurbeheer en dierenwelzijn op het landgoed,Niet gepubliceerd,Niet gepubliceerd,Niet onderzocht op documentvereisten — raadpleeg bronlink of neem contact op.,Niet gepubliceerd,https://storage.googleapis.com/landschapoverijssel_assets/04/jaarrekening-landschap-overijssel-2024.pdf,"NIEUW, gevonden in de jaarrekening van Landschap Overijssel."
Stichting Jaap van Duijn Vogelfonds,Landelijk vermogensfonds,Landelijk (veel in Noord-Holland),Weidevogel- en vogelprojecten; financierde weidevogelvriendelijk beheer bij Mosselwiel.,Niet gepubliceerd,"Weidevogelbeheer, natte natuur, aangepast maai- en beweidingsregime",Niet gepubliceerd,Niet gepubliceerd,Niet onderzocht op documentvereisten — raadpleeg bronlink of neem contact op.,Niet gepubliceerd,https://www.landschapnoordholland.nl/doe-mee/fondsen-en-stichtingen,NIEUW. Aanvulling op het Weidevogelfonds Vanellus Vanellus dat al in de lijst staat.
Stichting Don't Give Up,Landelijk vermogensfonds,Landelijk,Natuurprojecten; financierde een broedeiland voor kluten bij de Kolk van Dussen.,Niet gepubliceerd,"Concrete natuurinrichting: broedeilanden, plas-dras, soortmaatregelen",Niet gepubliceerd,Niet gepubliceerd,Niet onderzocht op documentvereisten — raadpleeg bronlink of neem contact op.,Niet gepubliceerd,https://www.landschapnoordholland.nl/doe-mee/fondsen-en-stichtingen,"NIEUW, gevonden via funder-mining bij Landschap Noord-Holland."
Stichting TriArcus,Landelijk vermogensfonds,Landelijk (actief in Noord-Holland),Ondersteunt restauratie van erfgoed in de natuur; gaf een driejarige bijdrage aan de restauratie van Fort bij Veldhuis.,Niet gepubliceerd,Restauratie van erfgoed in een natuurlijke setting — combinatie die op landgoederen vaak speelt,Niet gepubliceerd,Niet gepubliceerd,Niet onderzocht op documentvereisten — raadpleeg bronlink of neem contact op.,Niet gepubliceerd,https://www.landschapnoordholland.nl/doe-mee/fondsen-en-stichtingen,NIEUW. De combinatie erfgoed-in-natuur maakt dit een gerichte kandidaat.
Stichting de Lange Brug,Landelijk vermogensfonds,Noord-Holland,Financierde een landschappelijk uitzichtpunt bij Fort bij Krommeniedijk.,Niet gepubliceerd,"Landschappelijke publieksvoorziening: uitzichtpunt, brug, pad",Niet gepubliceerd,Niet gepubliceerd,Niet onderzocht op documentvereisten — raadpleeg bronlink of neem contact op.,Niet gepubliceerd,https://www.landschapnoordholland.nl/doe-mee/fondsen-en-stichtingen,"NIEUW, gevonden via funder-mining."
ANWB Fonds,Landelijk fonds,Landelijk,Toegankelijkheid van natuur en recreatie; financierde een rolstoeltoegankelijke excursieboot in het Ilperveld.,Niet gepubliceerd,"Toegankelijkheid van het landgoed: rolstoelpaden, aangepaste voorzieningen, recreatieve ontsluiting",Niet gepubliceerd,Zie anwb.nl/fonds,Niet onderzocht op documentvereisten — raadpleeg bronlink of neem contact op.,Niet gepubliceerd,https://www.landschapnoordholland.nl/doe-mee/fondsen-en-stichtingen,"NIEUW. Vult het thema TOEGANKELIJKHEID, dat in dit overzicht nog ontbrak en dat bij openstelling van landgoederen vaak speelt."
VSB Fonds Beemster,Regionaal vermogensfonds,Beemster (Noord-Holland),"Lokaal VSB-fonds, los van het landelijke VSBfonds; financierde een watersnipproject.",Niet gepubliceerd,Weidevogel- en natte natuurprojecten in de Beemster,Niet gepubliceerd,Niet gepubliceerd,Niet onderzocht op documentvereisten — raadpleeg bronlink of neem contact op.,Niet gepubliceerd,https://www.landschapnoordholland.nl/doe-mee/fondsen-en-stichtingen,NIEUW. Derde losse 'VSB'-entiteit in dit overzicht (naast landelijk VSBfonds en VSB Fonds Woerden) — niet verwarren.
Turing Foundation,Landelijk vermogensfonds,Landelijk,"Kunst, onderwijs en natuur.",Niet gepubliceerd,Natuurprojecten en kunst op het landgoed,Niet gepubliceerd,Zie turingfoundation.org,Niet onderzocht op documentvereisten — raadpleeg bronlink of neem contact op.,Niet gepubliceerd,https://www.turingfoundation.org/,NIEUW. Breed fonds met natuur als expliciet werkterrein.
Ariadne Fonds,Landelijk vermogensfonds,Landelijk,Natuur en voedsel; doneerde aan een voedselbosproject van Wij.land.,Niet gepubliceerd,"Voedselbos, natuurinclusieve landbouw",Niet gepubliceerd,Niet gepubliceerd,Niet onderzocht op documentvereisten — raadpleeg bronlink of neem contact op.,Niet gepubliceerd,https://wij.land/wp-content/uploads/2023/06/Financieel-jaarverslag-Wijland-2022-wg-1.pdf,"NIEUW, gevonden in het jaarverslag van Wij.land."
Weide Weelde Fonds,Regionaal/thematisch fonds,"Noord-Nederland (Groningen, Friesland, Drenthe)","Biodiversiteit in Noord-Nederland: vogels, vlinders, bijen en insecten via boeren-natuurinitiatieven; met name kruidenrijk grasland.",Boeren en grondgebruikers in Noord-Nederland,Kruidenrijk grasland op eigen of verpachte grond,Niet gepubliceerd,Aanvraagformulier downloaden via de site,Niet onderzocht op documentvereisten — raadpleeg bronlink of neem contact op.,Niet gepubliceerd,https://www.weideweeldefonds.nl/,NIEUW. Gericht op de boer-natuur-combinatie die op veel landgoederen speelt.
'Samen voor Biodiversiteit' Innovatiefonds,Landelijk themafonds,Landelijk,"Innovatieve samenwerking tussen burgers en grondgebruikers (boeren, terreinbeheerders, overheden) voor biodiversiteitsherstel. Eerdere ronde specifiek gericht op plas-dras en weidevogels: zonnepompen, kruidenrijk grasland, waterkwaliteit.",Samenwerkingsverbanden van burgers en grondgebruikers,Weidevogel- en plasdrasprojecten met samenwerking in de omgeving,"EUR 100.000 per ronde, verdeeld over meerdere projecten",Rondes openen periodiek,Niet onderzocht op documentvereisten — raadpleeg bronlink of neem contact op.,Niet gepubliceerd,https://www.samenvoorbiodiversiteit.nl/innovatiefonds/aanvraag,NIEUW. Vraagt expliciet samenwerking met de omgeving — sluit aan bij de publieksdimensie uit het implementatieplan.
VriendenLoterij - culturele partners / eenmalige schenking,Loterij (privaat),Landelijk / bovenregionaal,"Voortzetting van de erfgoedlijn van de voormalige BankGiro Loterij: behoud, verrijking en toegankelijkheid van nationaal openbaar cultuurbezit, expliciet inclusief restauratie en monumentenzorg. Podiumkunsten uitgesloten.",Professionele organisaties met Erkenning Goede Doelen en minimaal EUR 400.000 eigen jaarinkomsten,"Grote restauratie van hoofdhuis of kasteel, publieksontsluiting van de buitenplaats. Precedent: Kasteel de Haar werd in 2025 meerjarig partner.",MINIMALE bijdrage EUR 200.000,"DEADLINE 15 SEPTEMBER. Projectplan, begroting, dekkingsplan, jaarverslag en jaarrekening naar aanvragen@vriendenloterij.nl. Beoordeling door de Toekenningenraad begin volgend kalenderjaar.","Projectplan, begroting, dekkingsplan, jaarverslag en jaarrekening",aanvragen@vriendenloterij.nl,https://www.vriendenloterij.nl/goede-doelen/culturele-partners/aanvraagprocedure/,NIEUW en belangrijk: de erfgoedlijn van de BankGiro Loterij bestaat dus nog wel degelijk. Alleen haalbaar voor grote landgoederen met een professionele erfgoedstichting — de ondergrens van EUR 200.000 bijdrage en EUR 400.000 eigen inkomsten is hard.
"VriendenLoterij - clubs, verenigingen en stichtingen",Loterij (privaat),Landelijk,Deelnemers kiezen zelf welke club of stichting zij steunen; de organisatie ontvangt minimaal 40% van de lotprijs van elk aan haar gekoppeld lot.,"Elke club, vereniging of stichting","Structurele, vrij besteedbare inkomstenstroom voor de landgoed- of vriendenstichting","Minimaal 40% van elke lotprijs, jaarlijks uitgekeerd; geen bovengrens","Laagdrempelig: aanmelden via het formulier 'partner worden', beoordeling binnen enkele dagen",Niet onderzocht op documentvereisten — raadpleeg bronlink of neem contact op.,Via vriendenloterij.nl,https://www.vriendenloterij.nl/goede-doelen/clubs-verenigingen/meld-uw-club-aan,NIEUW en over het hoofd gezien: dit is de laagdrempelige route zonder ondergrens en zonder gepubliceerde ANBI-eis. Geen projectfinanciering maar een structurele inkomstenstroom.
VriendenLoterij - Clubs van de Week,Loterij (privaat),Landelijk,"Projectbijdrage voor aangesloten clubs en stichtingen: duurzaamheid, inclusiviteit, maatschappelijk doel.",Al aangesloten partners met minimaal 20 actieve loten,"Kleine investering: bankjes, toegankelijk pad, zonnepanelen op een bijgebouw",EUR 5.000 aan 100 organisaties per jaar; projectkosten bij voorkeur maximaal EUR 10.000 incl. btw,Voorwaarde: al partner zijn en minimaal 20 actieve loten. Uitslag binnen 8-12 weken.,Niet onderzocht op documentvereisten — raadpleeg bronlink of neem contact op.,Via vriendenloterij.nl,https://www.vriendenloterij.nl/goede-doelen/clubs-verenigingen/club-van-de-week,NIEUW. Vervolgstap nadat je partner bent geworden.
Postcode Loterij Buurtfonds (uitvoering Stichting DOEN),Loterij (privaat),Landelijk,Leefbaarheid en vergroening van buurten.,Alle maatschappelijke organisaties en initiatieven in Nederland,"Kleine publieksgerichte vergroening samen met bewoners: buurtmoestuin, speelbos, toegankelijk groen aan de rand van het landgoed","EUR 500 - 5.000, uitkering binnen 2-6 weken",Laagdrempelig en doorlopend via postcodeloterijbuurtfonds.nl,Niet onderzocht op documentvereisten — raadpleeg bronlink of neem contact op.,Via Stichting DOEN,https://www.doen.nl/postcode-loterij-buurtfonds/,NIEUW. De enige echt toegankelijke Postcode Loterij-route; snel en klein.
Nationale Postcode Loterij - beneficiantschap,Loterij (privaat),Landelijk,"Mens en natuur: natuurbescherming, klimaat en milieu, dierenbescherming, sociale cohesie.",Landelijk opererende organisaties met minimaal EUR 800.000 eigen fondsenwerving per jaar en ANBI-status,"Alleen voor landelijke natuurorganisaties, niet voor een enkel landgoed","Meerjarig, minimaal 5 jaar; bijdrage mag maximaal 25% van de totale inkomsten zijn","DEADLINE 1 SEPTEMBER jaarlijks, via het online portaal",Niet onderzocht op documentvereisten — raadpleeg bronlink of neem contact op.,aanvraag@postcodeloterij.nl,https://www.postcodeloterij.nl/goede-doelen/aanvraag-indienen/toekenningscriteria,"NIEUW maar met een zeer hoge drempel. Het Droomfonds is NIET aanvraagbaar: dat wordt gevoed door een afdracht van bestaande beneficianten. Enige route daarheen is coalitiepartner worden van Natuurmonumenten, WNF, ARK of LandschappenNL."
Cultuurfonds voor Monumenten / Cultuurfonds-Hypotheek,Publiek/hybride (buiten scope fondsen),"9 provincies (Groningen, Friesland, Overijssel, Gelderland, Utrecht, Zuid-Holland, Noord-Brabant, Noord-Holland, Zeeland)","Laagrentende hypotheek voor GEMEENTELIJKE en PROVINCIALE monumenten en beeldbepalende panden: onderhoud, herbestemming en verduurzaming. Samenwerking van het Cultuurfonds en het Nationaal Restauratiefonds.","Particuliere eigenaren, rechtspersonen en instellingen; GEEN overheden","Financiering van bijgebouwen, tuinmanswoning of boerderijen op het landgoed die GEEN rijksmonument zijn","Lening, geen gift; leenbedrag gebaseerd op de herstelkosten van de monumentale waarde",Project moet uitvoeringsgereed zijn; via het Nationaal Restauratiefonds,Niet onderzocht op documentvereisten — raadpleeg bronlink of neem contact op.,Nationaal Restauratiefonds,https://www.cultuurfonds.nl/cultuurfonds-voor-monumenten,"NIEUW en praktisch: rijksmonumenten hebben veel loketten, maar voor gemeentelijke en provinciale monumenten en beeldbepalende panden is dit vaak de enige route. Let op: LENING, geen schenking."
Restauratiefondsplus-hypotheek,Publiek/hybride (buiten scope fondsen),Landelijk,Laagrentende lening voor grote restauraties van rijksmonumenten.,Eigenaren van rijksmonumenten,Grote restauratie van hoofdhuis of kasteel,"Vanaf EUR 300.000, lage rente",Via het Nationaal Restauratiefonds,Niet onderzocht op documentvereisten — raadpleeg bronlink of neem contact op.,Nationaal Restauratiefonds,https://www.restauratiefonds.nl/zakelijk/financieren/alle-zakelijke-financieringen,NIEUW. Aanvulling op de reeds opgenomen Restauratiefonds-hypotheek; dit is de zware variant.
Duurzame Monumenten-Lening (DUMO),Publiek/hybride (buiten scope fondsen),Landelijk,Laagrentende lening voor verduurzaming van monumenten; looptijd tot 30 jaar.,Monumenteigenaren,"Isolatie, warmtepomp, installaties in koetshuis, oranjerie of hoofdhuis","Lage rente, looptijd maximaal 30 jaar",Via het Nationaal Restauratiefonds,Niet onderzocht op documentvereisten — raadpleeg bronlink of neem contact op.,Nationaal Restauratiefonds,https://www.restauratiefonds.nl/zakelijk/financieren/alle-zakelijke-financieringen,NIEUW. Vult het verduurzamingsgat.
"Investeringsfonds Duurzame Landbouw (IDL, Nationaal Groenfonds)",Publiek/hybride (buiten scope fondsen),Landelijk,"Omschakeling naar duurzame, natuurinclusieve of regeneratieve landbouw en stikstofreductie.",Primaire agrarische ondernemers en samenwerkingsverbanden,Landgoed met een eigen of verpachte landbouwtak die omschakelt naar natuurinclusief,Maximaal EUR 500.000 per bedrijf tegen 1% rente,"Checklist, bedrijfsplan en cofinanciering, via het klantportaal",Niet onderzocht op documentvereisten — raadpleeg bronlink of neem contact op.,"Nationaal Groenfonds, 088 253 9255",https://www.nationaalgroenfonds.nl/investeringsfonds-duurzame-landbouw/,"NIEUW en gunstig geprijsd (1% rente). LET OP: het Groenfonds verstrekt nooit aan particulieren, alleen aan rechtspersonen."
Monumentenfonds 1818,Regionaal vermogensfonds (revolverend),"Haaglanden (Den Haag, Delft, Leiden e.o.)",Laagrentende leningen voor renovatie en restauratie van gemeentelijke monumenten en kerken met een nieuwe functie.,Monumenteigenaren in Haaglanden,Herbestemming van een monument in de regio,Regionale fondsen doorgaans EUR 10.000 - 150.000,Via het Nationaal Restauratiefonds,Niet onderzocht op documentvereisten — raadpleeg bronlink of neem contact op.,Nationaal Restauratiefonds,https://www.restauratiefonds.nl/monumenteigenaren/financieringen/monumentenfonds-1818,NIEUW.
Gelders Monumentenfonds,Regionaal vermogensfonds (revolverend),Gelderland,"Revolverend provinciaal monumentenfonds voor restauratie, verduurzaming en herbestemming.",Monumenteigenaren in Gelderland,Restauratie of herbestemming in Gelderland,Niet gepubliceerd,Via het Nationaal Restauratiefonds,Niet onderzocht op documentvereisten — raadpleeg bronlink of neem contact op.,Nationaal Restauratiefonds,https://www.restauratiefonds.nl/partners/samenwerkingen-en-fondsen,NIEUW. Gelderland ontbrak nog in de rij provinciale monumentenfondsen.
Maassteden Monumentenfonds,Regionaal vermogensfonds (revolverend),"Schiedam, Vlaardingen, Maassluis",Leningen voor rijks- en gemeentelijke monumenten en beeldbepalende panden.,Monumenteigenaren in de Maassteden,Restauratie in het werkgebied,EUR 10.000 - 150.000,Via het Nationaal Restauratiefonds,Niet onderzocht op documentvereisten — raadpleeg bronlink of neem contact op.,Nationaal Restauratiefonds,https://www.restauratiefonds.nl/partners/samenwerkingen-en-fondsen,NIEUW.
Van Tellingen-Pul Stichting,Regionaal vermogensfonds,Gemeente Zeist,"Sociale, culturele en educatieve projecten in de gemeente Zeist.",Organisaties in Zeist,Landgoederen van de Stichtse Lustwarande — een van de dichtstbevolkte buitenplaatszones van Nederland,Niet gepubliceerd,Zie vantellingen-pul.nl,Niet onderzocht op documentvereisten — raadpleeg bronlink of neem contact op.,Niet gepubliceerd,https://www.vantellingen-pul.nl/,"NIEUW. Klein werkgebied, maar dat werkgebied is uitzonderlijk rijk aan buitenplaatsen."
Ridderschap van Utrecht,Regionaal vermogensfonds,Provincie Utrecht,Steunt projecten in de Utrechtse samenleving; komt voort uit de historische ridderschap.,Niet gepubliceerd,Historische en erfgoedprojecten in Utrecht,Niet gepubliceerd,Voorwaarden niet gepubliceerd,Niet onderzocht op documentvereisten — raadpleeg bronlink of neem contact op.,Niet gepubliceerd,https://www.ridderschap-utrecht.nl/,NIEUW. De adellijke achtergrond maakt een landgoedproject inhoudelijk kansrijk; voorwaarden navragen.
Fentener van Vlissingen Fonds,Regionaal vermogensfonds,Provincie Utrecht,"Podiumkunsten, beeldende kunst, cultureel erfgoed en vernieuwende renovatie.",Niet gepubliceerd,Herbestemming of renovatie met een culturele functie,Niet gepubliceerd,Niet gepubliceerd,Niet onderzocht op documentvereisten — raadpleeg bronlink of neem contact op.,Niet gepubliceerd,https://www.fentenervanvlissingenfonds.nl/,NIEUW. Let op: dit is een andere entiteit dan het Mr. August Fentener van Vlissingen Fonds.
Stichting Mens en zijn Natuur,Regionaal vermogensfonds,Gemeente De Bilt (Utrecht),"Welzijn en leefbaarheid, cultuur en cultuurhistorie, natuurbehoud en natuureducatie.",Niet gepubliceerd,Natuurherstel gecombineerd met educatie in De Bilt,Niet gepubliceerd,Zie mensenzijnnatuur.nl,Niet onderzocht op documentvereisten — raadpleeg bronlink of neem contact op.,Niet gepubliceerd,https://www.mensenzijnnatuur.nl/aanvragen/,"NIEUW. Combineert natuur, cultuurhistorie en educatie — een goede match, maar zeer klein werkgebied."
Van Baaren Stichting,Regionaal vermogensfonds,Stad Utrecht,Sociaal-culturele projecten in de stad Utrecht.,Niet gepubliceerd,Breed; alleen relevant binnen de stadsgrenzen,Niet gepubliceerd,Niet gepubliceerd,Niet onderzocht op documentvereisten — raadpleeg bronlink of neem contact op.,Niet gepubliceerd,https://www.vanbaarenstichting.nl/,NIEUW.
A.W. Hofmanfonds,Regionaal vermogensfonds,Regio Nijmegen,"Cultuur, natuurbehoud, welzijn en sport.",Niet gepubliceerd,Natuur- en erfgoedprojecten in het Rijk van Nijmegen,Niet gepubliceerd,Niet gepubliceerd,Niet onderzocht op documentvereisten — raadpleeg bronlink of neem contact op.,Niet gepubliceerd,https://www.fondsenwerving-nederland.nl/vermogensfondsen/regionale-en-lokale-vermogensfondsen/vermogensfondsen-in-gelderland/,NIEUW.
Fonds 1845,Regionaal vermogensfonds,Noord- en Oost-Veluwe,"Welzijn, cultuur, natuurbehoud en sport.",Niet gepubliceerd,Natuur- en erfgoedprojecten op de Veluwe — een landgoedrijk gebied,Niet gepubliceerd,Niet gepubliceerd,Niet onderzocht op documentvereisten — raadpleeg bronlink of neem contact op.,Niet gepubliceerd,https://www.fondsenwerving-nederland.nl/vermogensfondsen/regionale-en-lokale-vermogensfondsen/vermogensfondsen-in-gelderland/,"NIEUW. De Veluwe telt veel landgoederen, dus het werkgebied is gunstig."
De Dullertstichting,Regionaal vermogensfonds,Regio Arnhem,"Welzijn, cultuur en natuurbehoud.",Niet gepubliceerd,Natuur- en erfgoedprojecten rond Arnhem,Niet gepubliceerd,Niet gepubliceerd,Niet onderzocht op documentvereisten — raadpleeg bronlink of neem contact op.,Niet gepubliceerd,https://www.fondsenwerving-nederland.nl/vermogensfondsen/regionale-en-lokale-vermogensfondsen/vermogensfondsen-in-gelderland/,NIEUW.
Fonds 1819,Regionaal vermogensfonds,"Borculo, Goor, Lochem en Ruurlo (Achterhoek)",Leefbaarheid van de lokale gemeenschap.,Niet gepubliceerd,Landgoedprojecten in de Achterhoek met een gemeenschapscomponent,Niet gepubliceerd,Niet gepubliceerd,Niet onderzocht op documentvereisten — raadpleeg bronlink of neem contact op.,Niet gepubliceerd,https://www.fonds1819.nl/,NIEUW. De Achterhoek is landgoedrijk.
Landschapsfonds Holland Rijnland,Regionaal/thematisch fonds,Holland Rijnland (Leidse regio),Onderhoud van het traditionele Hollandse landschap.,Niet gepubliceerd,Landschapselementen en karakteristiek landschap,Niet gepubliceerd,Niet gepubliceerd,Niet onderzocht op documentvereisten — raadpleeg bronlink of neem contact op.,Niet gepubliceerd,https://www.fonds1818.nl/aanvragen/voor-organisaties/andere-fondsen,NIEUW.
Groenfonds Midden-Delfland,Regionaal/thematisch fonds,Midden-Delfland,Instandhouding van het agrarisch cultuurlandschap en stad-land-educatie.,Niet gepubliceerd,Landschapsbeheer en educatie,Niet gepubliceerd,Niet gepubliceerd,Niet onderzocht op documentvereisten — raadpleeg bronlink of neem contact op.,Niet gepubliceerd,https://www.groenfondsmiddendelfland.nl/,NIEUW. Niet hetzelfde als het Omgevingsfonds Midden-Delfland dat al in de lijst staat.
Streekfonds Krimpenerwaard,Regionaal/thematisch fonds,Krimpenerwaard,Streekfonds voor landschap en leefomgeving.,Niet gepubliceerd,Landschapselementen in het veenweidegebied,Niet gepubliceerd,Niet gepubliceerd,Niet onderzocht op documentvereisten — raadpleeg bronlink of neem contact op.,Niet gepubliceerd,https://www.streekfondskrimpenerwaard.nl/,NIEUW.
Biesbosch Streekfonds,Regionaal/thematisch fonds,Biesbosch-regio (Zuid-Holland/Noord-Brabant),Streekfonds voor natuur en landschap.,Niet gepubliceerd,Natuur en landschap in de Biesbosch-regio,Niet gepubliceerd,Niet gepubliceerd,Niet onderzocht op documentvereisten — raadpleeg bronlink of neem contact op.,Niet gepubliceerd,https://www.biesboschstreekfonds.nl/,NIEUW.
Waddenfonds,Publiek/hybride (buiten scope fondsen),"Waddengebied (Groningen, Friesland, kop van Noord-Holland)","Ecologie en duurzame economie van het Waddengebied; thema's natuur, water en bodem, werelderfgoed en cultuurhistorie, duurzame recreatie.",Organisaties in het Waddengebied,Landgoed in het Waddengebied: natuur gecombineerd met cultuurhistorie,Tot EUR 50.000 in de kleine regeling,Zie waddenfonds.nl,Niet onderzocht op documentvereisten — raadpleeg bronlink of neem contact op.,Niet gepubliceerd,https://waddenfonds.nl/,"NIEUW. Publiek geld, maar een reele financieringsbron voor landgoederen in het werkgebied."
Herbert Duintjer Fonds,Regionaal vermogensfonds,Friesland (voorkeur),"Archeologie, lokale geschiedenis, musea, natuurbescherming en monumentenzorg.",Niet gepubliceerd,"Archeologie, monument en natuur in Friesland — een brede en gunstige combinatie",Niet gepubliceerd,Niet gepubliceerd,Niet onderzocht op documentvereisten — raadpleeg bronlink of neem contact op.,Niet gepubliceerd,https://www.erfgoedplatformoverijssel.nl/kennisbank/financiering-en-subsidiemogelijkheden/,NIEUW. Stond eerder als MISSCHIEN in de FIN-sweep; nu bevestigd als relevant.
Stichting Siebolt Foundation,Regionaal vermogensfonds,Friesland,Ondersteuning van cultureel en historisch erfgoed.,Niet gepubliceerd,Erfgoedrestauratie in Friesland,Niet gepubliceerd,Niet gepubliceerd,Niet onderzocht op documentvereisten — raadpleeg bronlink of neem contact op.,Niet gepubliceerd,https://www.erfgoedplatformoverijssel.nl/kennisbank/financiering-en-subsidiemogelijkheden/,NIEUW.
Fiks Omgevingsfonds,Regionaal/thematisch fonds,Friese IJsselmeerkust,"Versterken van de kust via verduurzaming, natuur, toerisme, recreatie, cultuur en erfgoed.",Niet gepubliceerd,Landgoed aan de Friese IJsselmeerkust,Niet gepubliceerd,Niet gepubliceerd,Niet onderzocht op documentvereisten — raadpleeg bronlink of neem contact op.,Niet gepubliceerd,https://www.erfgoedplatformoverijssel.nl/kennisbank/financiering-en-subsidiemogelijkheden/,NIEUW.
Erfgoed Fundaasje,Regionaal/thematisch fonds,Friesland,Behoud van Friese familie- en bedrijfsarchieven.,Niet gepubliceerd,Het landgoedarchief — vaak een vergeten maar kwetsbaar onderdeel van het erfgoed,Niet gepubliceerd,Niet gepubliceerd,Niet onderzocht op documentvereisten — raadpleeg bronlink of neem contact op.,Niet gepubliceerd,https://www.erfgoedfundaasje.nl/,NIEUW. Smal maar uniek: archieffinanciering komt in geen enkel ander fonds in dit overzicht voor.
Bolhuisfonds,Regionaal vermogensfonds,"Groningen, Friesland, Drenthe","Architectuur en beeldende kunst, met een onderzoekscomponent.",Niet gepubliceerd,Bouwhistorisch onderzoek aan het landgoed,Niet gepubliceerd,Niet gepubliceerd,Niet onderzocht op documentvereisten — raadpleeg bronlink of neem contact op.,Niet gepubliceerd,https://www.skbl.nl/erfgoedfondsen/,NIEUW.
Emmaplein Foundation,Regionaal vermogensfonds,"Groningen, Friesland, Drenthe","Charitatieve, culturele en wetenschappelijke doelen in Noord-Nederland.",Niet gepubliceerd,"Educatie en onderzoek — LET OP: restauratie, onderhoud van monumenten en festivals zijn EXPLICIET UITGESLOTEN",Niet gepubliceerd,Niet gepubliceerd,Niet onderzocht op documentvereisten — raadpleeg bronlink of neem contact op.,Niet gepubliceerd,https://www.emmapleinfoundation.nl/,"NIEUW, met een belangrijke beperking: monumenten en restauratie vallen er juist buiten."
Brabants Heemfonds,Regionaal/thematisch fonds,Noord-Brabant,Stimuleert vernieuwende erfgoedprojecten door heemkundige en culturele verenigingen.,Heemkundige en culturele verenigingen,Erfgoedproject samen met een lokale vereniging,Niet gepubliceerd,Niet gepubliceerd,Niet onderzocht op documentvereisten — raadpleeg bronlink of neem contact op.,Niet gepubliceerd,https://www.brabantsheem.nl/brabants-heemfonds/,NIEUW. Vereist samenwerking met een lokale vereniging.
Stichting Tilmanshof,Regionaal vermogensfonds,'s-Hertogenbosch e.o.,"Kleinschalige projecten op het gebied van liefdadigheid, milieu, cultuur en recreatie.",Niet gepubliceerd,Klein natuur- of erfgoedproject in de regio Den Bosch,Niet gepubliceerd,Niet gepubliceerd,Niet onderzocht op documentvereisten — raadpleeg bronlink of neem contact op.,Niet gepubliceerd,https://tilmanshof.nl/,NIEUW.
Mastboom-Brosens Stichting,Regionaal vermogensfonds,West-Brabant en Noorderkempen,Regionale geschiedenis en genealogie.,Niet gepubliceerd,Historisch onderzoek naar het landgoed en zijn bewoners,Niet gepubliceerd,Niet gepubliceerd,Niet onderzocht op documentvereisten — raadpleeg bronlink of neem contact op.,Niet gepubliceerd,https://mastboomhuis.nl/de-stichting/,NIEUW.
Bonhomme Tielens Fonds,Regionaal vermogensfonds,"Limburg (voorkeur), landelijk mogelijk",Restauratie van kunst en antiek; inmiddels circa 200 projecten gefinancierd.,Niet gepubliceerd,Restauratie van interieur en collectie van het landhuis,Niet gepubliceerd,Zie bonhommetielens.nl,Niet onderzocht op documentvereisten — raadpleeg bronlink of neem contact op.,Niet gepubliceerd,https://www.bonhommetielens.nl/subsidie-aanvragen/voorwaarden,"NIEUW. Vult het thema INTERIEUR EN COLLECTIE, dat in dit overzicht nog nauwelijks gedekt was."
Stichting Instandhouding Kleine Landschapselementen Limburg (IKL),Regionaal/thematisch fonds,Limburg,"Aanleg, herstel en beheer van kleine landschapselementen.",Grondeigenaren in Limburg,"Hagen, holle wegen, poelen, hoogstamboomgaarden, graften",Niet gepubliceerd,Uitvoeringsorganisatie — werkt vaak met eigen regelingen,Niet onderzocht op documentvereisten — raadpleeg bronlink of neem contact op.,Niet gepubliceerd,https://www.ikl-limburg.nl/,NIEUW. Limburgse tegenhanger van de SBNL-landschapselementenregeling.
Nutsfonds Zierikzee,Regionaal vermogensfonds,Schouwen-Duiveland (Zeeland),"Kunst, cultuur, gezondheid, sport, natuur en educatie.",Niet gepubliceerd,Natuur- of erfgoedproject op Schouwen-Duiveland,Niet gepubliceerd,Niet gepubliceerd,Niet onderzocht op documentvereisten — raadpleeg bronlink of neem contact op.,Niet gepubliceerd,https://nutsfondszierikzee.nl/,NIEUW. Zeeland was ondervertegenwoordigd.
Stichting Renesse,Regionaal vermogensfonds,Schouwen-Duiveland / Renesse (Zeeland),"Recreatie, toerisme, cultuur, educatie en sport; meestal eenmalige bijdragen.",Niet gepubliceerd,Publieksvoorziening of recreatieve ontsluiting van het landgoed,Eenmalig; hoogte niet gepubliceerd,Niet gepubliceerd,Niet onderzocht op documentvereisten — raadpleeg bronlink of neem contact op.,Niet gepubliceerd,https://stichtingrenesse.nl/financiele-steun,NIEUW.
Molenfonds,Landelijk themafonds,Landelijk,"Behoud, onderhoud en restauratie van molens; werkt ook met crowdfunding.",Moleneigenaren,Molen op het landgoed — een veel voorkomend maar in dit overzicht nog ongedekt object,Niet gepubliceerd,Zie molenfonds.nl,Niet onderzocht op documentvereisten — raadpleeg bronlink of neem contact op.,Niet gepubliceerd,https://www.molenfonds.nl/,"NIEUW. Vult het thema MOLENS, dat tot nu toe alleen indirect via het Staargaard-fonds gedekt was."
Koninklijke Nederlandse Heidemaatschappij (KNHM) / Kern met Pit,Landelijke stichting/fonds,"Landelijk, per provincie",Advies en prijzengeld voor bewonersinitiatieven die de leefomgeving verbeteren.,Bewonersinitiatieven,Landschapsproject samen met omwonenden,"EUR 1.000 bij realisatie, EUR 3.000 voor de provinciale winnaar",Aanmelden via kernmetpit.nl,Niet onderzocht op documentvereisten — raadpleeg bronlink of neem contact op.,Niet gepubliceerd,https://www.knhm.nl/,"NIEUW. Klein bedrag, maar levert procesbegeleiding en draagvlak op."
Stimuleringsfonds Samen voor onze Leefomgeving,Landelijk themafonds,Landelijk,Groene vrijwilligersgroepen die de lokale natuur verbeteren.,Vrijwilligersgroepen,Vrijwilligersgroep die meehelpt in het landgoedbeheer,EUR 1.000 per initiatief,Niet gepubliceerd,Niet onderzocht op documentvereisten — raadpleeg bronlink of neem contact op.,Niet gepubliceerd,https://www.samenvooronzeleefomgeving.nl/9627/stimuleringsfonds,NIEUW.
DikGroen,Landelijk themafonds,Landelijk,Kleinschalige projecten voor natuurbeleving door kinderen en jongeren tot 25 jaar.,Niet gepubliceerd,"Kindernatuurpad, schoolbezoeken, natuureducatie op het landgoed",EUR 50 - 750,Niet gepubliceerd,Niet onderzocht op documentvereisten — raadpleeg bronlink of neem contact op.,Niet gepubliceerd,https://www.dikgroen.nl/,"NIEUW. Zeer klein, maar laagdrempelig."
Gerrit Jeurissen Fonds (voorheen Love & Light),Landelijk vermogensfonds,Landelijk,"Kunst en cultuur, welzijn, sport en natuur/milieu.",Niet gepubliceerd,Breed; natuur is een expliciet werkterrein,Niet gepubliceerd,Niet gepubliceerd,Niet onderzocht op documentvereisten — raadpleeg bronlink of neem contact op.,Niet gepubliceerd,https://www.gerritjeurissenfonds.nl/,NIEUW.
Haella Stichting,Landelijk vermogensfonds,Landelijk,Kleinschalige sociale en milieuprojecten.,Niet gepubliceerd,Klein milieuproject met een sociale component,Niet gepubliceerd,Niet gepubliceerd,Niet onderzocht op documentvereisten — raadpleeg bronlink of neem contact op.,Niet gepubliceerd,https://www.haella.nl/,NIEUW. Stond eerder als NEE in de FIN-sweep op basis van armoede-tags; de milieulijn maakt het toch relevant voor kleine projecten.
Bouwfonds Cultuurfonds (BPD),Landelijk themafonds,Landelijk,"Bouwen, de gebouwde omgeving en de openbare ruimte.",Non-profitorganisaties,Publiek toegankelijke ruimte op of aan het landgoed,Niet gepubliceerd,Niet gepubliceerd,Niet onderzocht op documentvereisten — raadpleeg bronlink of neem contact op.,Niet gepubliceerd,https://www.skbl.nl/erfgoedfondsen/,NIEUW.
BNG Cultuurfonds,Landelijk themafonds,Landelijk,Kunst en cultuur van meerwaarde voor gemeenten; reikt ook een jaarlijkse erfgoedprijs uit.,Niet gepubliceerd,Publieksfunctie van het landgoed met gemeentelijk belang,Niet gepubliceerd,Niet gepubliceerd,Niet onderzocht op documentvereisten — raadpleeg bronlink of neem contact op.,Niet gepubliceerd,https://www.bngbank.nl/cultuurfonds,NIEUW. Stond eerder als MISSCHIEN; nu opgenomen vanwege de erfgoedprijs en gemeentelijke insteek.
Stichting Fonds voor de Geld- en Effectenhandel,Landelijk vermogensfonds,Landelijk,Kleinere culturele activiteiten.,Niet gepubliceerd,Klein publieks- of cultuurproject op het landgoed,EUR 500 - 1.500,Niet gepubliceerd,Niet onderzocht op documentvereisten — raadpleeg bronlink of neem contact op.,Niet gepubliceerd,https://www.sfge.nl/,NIEUW. Klein maar laagdrempelig.
Maatschappij van Welstand,Landelijk vermogensfonds,Landelijk,"Protestants-kerkelijk gerelateerde projecten, kerkvernieuwing, sociaal werk en duurzame landbouw.",Niet gepubliceerd,Kerk of kapel op het landgoed; duurzame landbouw met protestantse binding,Niet gepubliceerd,Niet gepubliceerd,Niet onderzocht op documentvereisten — raadpleeg bronlink of neem contact op.,Niet gepubliceerd,https://www.welstand.nl/,NIEUW. Stond eerder als NEE; de kerk-/kapelroute en de landbouwlijn maken het toch bruikbaar bij een specifiek object.
Katalys,Landelijke kennis-/belangenorganisatie,Landelijk,"Vergroening en verduurzaming van buurten, inclusief voedselbossen; biedt gratis expertadvies en leningen voor vastgoedaankoop of renovatie.",Niet gepubliceerd,Voedselbos of gemeenschapsvorming op het landgoed,"Expertise en leningen, geen giften",Niet gepubliceerd,Niet onderzocht op documentvereisten — raadpleeg bronlink of neem contact op.,Niet gepubliceerd,https://katalys.nl/,"NIEUW. Vooral een kennis- en leningpartner, geen schenkend fonds."
Stichting Buitenfonds (Staatsbosbeheer),Donatie-instrument (niet aanvraagbaar),Landelijk,Steunstichting van Staatsbosbeheer; financiert natuurprojecten van Staatsbosbeheer via crowdfunding en nalatenschappen.,Niet van toepassing,Niet van toepassing voor een particulier landgoed,Niet gepubliceerd,NIET AANVRAAGBAAR — uitsluitend inkomend,Niet onderzocht op documentvereisten — raadpleeg bronlink of neem contact op.,Niet gepubliceerd,https://www.buitenfonds.nl/,NIEUW maar NIET AANVRAAGBAAR. Opgenomen om te voorkomen dat het bij een volgende ronde opnieuw wordt onderzocht.
Groen Ontwikkelfonds Brabant,Publiek/hybride (buiten scope fondsen),Noord-Brabant,"Provinciaal fonds voor realisatie van het Natuurnetwerk Brabant: grond, inrichting en functieverandering.",Grondeigenaren in Noord-Brabant,Omzetting van landbouwgrond naar natuur binnen het NNB,Niet gepubliceerd,Zie groenontwikkelfondsbrabant.nl,Niet onderzocht op documentvereisten — raadpleeg bronlink of neem contact op.,Niet gepubliceerd,https://www.groenontwikkelfondsbrabant.nl/,"NIEUW. Publiek geld, maar voor Brabantse landgoederen met natuurambitie een van de belangrijkste bronnen."
